<?xml version="1.0" encoding="UTF-8"?>

<!-- generated on 2024-05-03 14:07:52.041927 by buildFullGraph.py v1_19_0+2059-8ad42d88d55
<configuration>
    <net value="airbase2.net.xml.gz"/>
    <vclass value="taxi"/>
    <width value="0.2"/>
</configuration>
-->

<edges xmlns:xsi="http://www.w3.org/2001/XMLSchema-instance" xsi:noNamespaceSchemaLocation="http://sumo.dlr.de/xsd/edges_file.xsd">
    <edge id="J1_J2" from="J1" to="J2" speed="27.77777777777778" numLanes="1" width="0.2" allow="taxi"/>
    <edge id="J1_J4" from="J1" to="J4" speed="27.77777777777778" numLanes="1" width="0.2" allow="taxi"/>
    <edge id="J3_J0" from="J3" to="J0" speed="27.77777777777778" numLanes="1" width="0.2" allow="taxi"/>
    <edge id="J3_J4" from="J3" to="J4" speed="27.77777777777778" numLanes="1" width="0.2" allow="taxi"/>
    <edge id="J5_J0" from="J5" to="J0" speed="27.77777777777778" numLanes="1" width="0.2" allow="taxi"/>
    <edge id="J5_J2" from="J5" to="J2" speed="27.77777777777778" numLanes="1" width="0.2" allow="taxi"/>
</edges>
