<?xml version="1.0" encoding="UTF-8"?>

<!-- generated on 2024-05-03 14:07:52.062656 by buildFullGraph.py v1_19_0+2059-8ad42d88d55
<configuration>
    <net value="airbase2.net.xml.gz"/>
    <vclass value="taxi"/>
    <width value="0.2"/>
</configuration>
-->

<connections xmlns:xsi="http://www.w3.org/2001/XMLSchema-instance" xsi:noNamespaceSchemaLocation="http://sumo.dlr.de/xsd/connections_file.xsd">
    <connection from="E0" to="J1_J2" fromLane="0" toLane="0"/>
    <connection from="J1_J2" to="E1" fromLane="0" toLane="0"/>
    <connection from="E0" to="J1_J4" fromLane="0" toLane="0"/>
    <connection from="J1_J4" to="E2" fromLane="0" toLane="0"/>
    <connection from="E1" to="J3_J0" fromLane="0" toLane="0"/>
    <connection from="J3_J0" to="E0" fromLane="0" toLane="0"/>
    <connection from="E1" to="J3_J4" fromLane="0" toLane="0"/>
    <connection from="J3_J4" to="E2" fromLane="0" toLane="0"/>
    <connection from="E2" to="J5_J0" fromLane="0" toLane="0"/>
    <connection from="J5_J0" to="E0" fromLane="0" toLane="0"/>
    <connection from="E2" to="J5_J2" fromLane="0" toLane="0"/>
    <connection from="J5_J2" to="E1" fromLane="0" toLane="0"/>
</connections>
