<?xml version="1.0" encoding="UTF-8"?>

<!-- generated on 2024-05-02 15:28:33 by Eclipse SUMO netedit Version v1_19_0+2044-06e7b1aef26
-->

<additional xmlns:xsi="http://www.w3.org/2001/XMLSchema-instance" xsi:noNamespaceSchemaLocation="http://sumo.dlr.de/xsd/additional_file.xsd">
    <!-- StoppingPlaces -->
    <busStop id="bs_0" lane="E2_0" startPos="1" endPos="-1">
        <access lane="1125720994#1_0" pos="36.11"/>
    </busStop>
    <busStop id="bs_1" lane="E0_0" startPos="1" endPos="-1">
        <access lane="-5116463#2_0" pos="29.39"/>
    </busStop>
    <busStop id="bs_2" lane="E1_0" startPos="1" endPos="-1">
        <access lane="-407167757#1_0" pos="3.22"/>
    </busStop>
</additional>
