<?xml version="1.0" encoding="UTF-8"?>

<!-- generated on 2024-05-03 14:12:26 by Eclipse SUMO netedit Version v1_19_0+2044-06e7b1aef26
-->

<routes xmlns:xsi="http://www.w3.org/2001/XMLSchema-instance" xsi:noNamespaceSchemaLocation="http://sumo.dlr.de/xsd/routes_file.xsd">
    <!-- VTypes -->
    <vType id="airtaxi" length="6.00" maxSpeed="27.78" vClass="taxi" guiShape="aircraft" width="6.00"/>
    <!-- Vehicles, persons and containers (sorted by depart) -->
    <trip id="t_0" type="airtaxi" depart="0.00" line="taxi" from="E1" to="E1">
        <param key="device.taxi.end" value="7200"/>
        <param key="device.taxi.parking" value="false"/>
        <param key="has.taxi.device" value="true"/>
    </trip>
    <trip id="t_1" type="airtaxi" depart="0.00" line="taxi" from="E0" to="E0">
        <param key="device.taxi.end" value="7200"/>
        <param key="device.taxi.parking" value="false"/>
        <param key="has.taxi.device" value="true"/>
    </trip>
    <trip id="t_2" type="airtaxi" depart="0.00" line="taxi" from="E2" to="E2">
        <param key="device.taxi.end" value="7200"/>
        <param key="device.taxi.parking" value="false"/>
        <param key="has.taxi.device" value="true"/>
    </trip>
</routes>
