<?xml version="1.0" encoding="UTF-8"?>

<!-- generated on 2024-05-02 16:01:15.980675 by randomTrips.py v1_19_0+2044-06e7b1aef26
<configuration>
    <net-file value="patched.airbase.net.xml.gz"/>
    <output-trip-file value="osm.passenger.trips.xml"/>
    <route-file value="osm.passenger.rou.xml"/>
    <prefix value="veh"/>
    <trip-attributes value="departLane=&quot;best&quot;"/>
    <fringe-start-attributes value="departSpeed=&quot;max&quot;"/>
    <vehicle-class value="passenger"/>
    <lanes value="True"/>
    <fringe-factor value="5"/>
    <allow-fringe.min-length value="1000.0"/>
    <via-edge-types value="highway.motorway,highway.motorway_link,highway.trunk_link,highway.primary_link,highway.secondary_link,highway.tertiary_link"/>
    <min-distance value="300.0"/>
    <min-distance.fringe value="10.0"/>
    <remove-loops value="True"/>
    <validate value="True"/>
    <insertion-density value="12.0"/>
</configuration>
-->

<!-- generated on 2024-05-02 16:01:15 by Eclipse SUMO duarouter Version v1_19_0+2044-06e7b1aef26
<configuration xmlns:xsi="http://www.w3.org/2001/XMLSchema-instance" xsi:noNamespaceSchemaLocation="http://sumo.dlr.de/xsd/duarouterConfiguration.xsd">

    <input>
        <net-file value="patched.airbase.net.xml.gz"/>
        <route-files value="osm.passenger.trips.xml"/>
    </input>

    <output>
        <output-file value="osm.passenger.trips.xml.tmp"/>
        <alternatives-output value="NUL"/>
        <write-trips value="true"/>
    </output>

    <processing>
        <remove-loops value="true"/>
    </processing>

    <time>
        <begin value="0.0"/>
        <end value="3600.0"/>
    </time>

    <report>
        <no-warnings value="true"/>
        <ignore-errors value="true"/>
        <no-step-log value="true"/>
    </report>

</configuration>
-->

<routes xmlns:xsi="http://www.w3.org/2001/XMLSchema-instance" xsi:noNamespaceSchemaLocation="http://sumo.dlr.de/xsd/routes_file.xsd">
    <vType id="veh_passenger" vClass="passenger"/>
    <trip id="veh0" type="veh_passenger" depart="0.00" departLane="best" from="145586617#28" to="-138624421#18"/>
    <trip id="veh1" type="veh_passenger" depart="4.25" departLane="best" from="-24733698#1" to="-153959908#18"/>
    <trip id="veh2" type="veh_passenger" depart="8.51" departLane="best" departSpeed="max" from="190083616" to="153959913#2"/>
    <trip id="veh3" type="veh_passenger" depart="12.76" departLane="best" from="429155576#1" to="-142575659#0"/>
    <trip id="veh4" type="veh_passenger" depart="17.01" departLane="best" from="1116438949#1" to="-138624421#29"/>
    <trip id="veh5" type="veh_passenger" depart="21.27" departLane="best" departSpeed="max" from="-153959913#2" to="-142575662#7"/>
    <trip id="veh6" type="veh_passenger" depart="25.52" departLane="best" from="-138624421#21" to="-152447118#8"/>
    <trip id="veh7" type="veh_passenger" depart="29.77" departLane="best" from="145586617#5" to="142575693#1"/>
    <trip id="veh8" type="veh_passenger" depart="34.03" departLane="best" departSpeed="max" from="-153959913#2" to="145586606"/>
    <trip id="veh9" type="veh_passenger" depart="38.28" departLane="best" from="257072321#6" to="-1116438948#8"/>
    <trip id="veh10" type="veh_passenger" depart="42.53" departLane="best" from="257072321#1" to="176051612#0"/>
    <trip id="veh11" type="veh_passenger" depart="46.79" departLane="best" from="-412992929#5" to="-145586617#2"/>
    <trip id="veh12" type="veh_passenger" depart="51.04" departLane="best" from="69923034#1" to="-5116489#13"/>
    <trip id="veh13" type="veh_passenger" depart="55.29" departLane="best" from="283317454" to="-145586617#16"/>
    <trip id="veh14" type="veh_passenger" depart="59.55" departLane="best" from="257072321#11" to="190083610#1"/>
    <trip id="veh15" type="veh_passenger" depart="63.80" departLane="best" from="-69923058#1" to="142575693#8"/>
    <trip id="veh16" type="veh_passenger" depart="68.05" departLane="best" from="25944426#1" to="-145586617#27"/>
    <trip id="veh17" type="veh_passenger" depart="72.31" departLane="best" from="318210393#2" to="143308546#8"/>
    <trip id="veh19" type="veh_passenger" depart="80.81" departLane="best" departSpeed="max" from="-177839808" to="-257072321#8"/>
    <trip id="veh20" type="veh_passenger" depart="85.06" departLane="best" from="-142575657#14" to="153959913#1"/>
    <trip id="veh21" type="veh_passenger" depart="89.32" departLane="best" from="142575687#1" to="25684295#3"/>
    <trip id="veh22" type="veh_passenger" depart="93.57" departLane="best" from="145586617#25" to="-71028777#1"/>
    <trip id="veh23" type="veh_passenger" depart="97.82" departLane="best" from="52460499#15" to="-153959879#2"/>
    <trip id="veh24" type="veh_passenger" depart="102.08" departLane="best" from="22956997#1" to="52081116#7"/>
    <trip id="veh25" type="veh_passenger" depart="106.33" departLane="best" from="-145586617#39" to="-145586617#2"/>
    <trip id="veh26" type="veh_passenger" depart="110.58" departLane="best" from="147859763#3" to="-190083610#1"/>
    <trip id="veh27" type="veh_passenger" depart="114.84" departLane="best" from="-145586617#37" to="81414551#2"/>
    <trip id="veh28" type="veh_passenger" depart="119.09" departLane="best" departSpeed="max" from="83708562" to="-152447118#4"/>
    <trip id="veh29" type="veh_passenger" depart="123.34" departLane="best" from="142575693#4" to="155586403#1"/>
    <trip id="veh30" type="veh_passenger" depart="127.60" departLane="best" from="26547179" to="24733698#2"/>
    <trip id="veh31" type="veh_passenger" depart="131.85" departLane="best" departSpeed="max" from="-177839808" to="-138624421#33"/>
    <trip id="veh32" type="veh_passenger" depart="136.10" departLane="best" from="153959908#8" to="-52460499#13"/>
    <trip id="veh33" type="veh_passenger" depart="140.36" departLane="best" from="-38568630#4" to="-38915289#6"/>
    <trip id="veh34" type="veh_passenger" depart="144.61" departLane="best" departSpeed="max" from="147859763#0" to="-1116438948#9"/>
    <trip id="veh35" type="veh_passenger" depart="148.86" departLane="best" from="5116489#1" to="141873658#1"/>
    <trip id="veh36" type="veh_passenger" depart="153.12" departLane="best" departSpeed="max" from="-22721673#1" to="180789857#3"/>
    <trip id="veh37" type="veh_passenger" depart="157.37" departLane="best" from="142575692#6" to="-206579062#3"/>
    <trip id="veh38" type="veh_passenger" depart="161.62" departLane="best" from="-887919959#3" to="-153959908#15"/>
    <trip id="veh39" type="veh_passenger" depart="165.88" departLane="best" from="887919959#3" to="142575679#3"/>
    <trip id="veh40" type="veh_passenger" depart="170.13" departLane="best" from="142575662#6" to="-138624469#11"/>
    <trip id="veh41" type="veh_passenger" depart="174.38" departLane="best" from="-142575690#3" to="-145586617#39"/>
    <trip id="veh42" type="veh_passenger" depart="178.64" departLane="best" departSpeed="max" from="25382187" to="1185240426#3"/>
    <trip id="veh43" type="veh_passenger" depart="182.89" departLane="best" from="141968853#0" to="-887919959#4"/>
    <trip id="veh44" type="veh_passenger" depart="187.14" departLane="best" from="868347084" to="142575690#10"/>
    <trip id="veh46" type="veh_passenger" depart="195.65" departLane="best" departSpeed="max" from="153959895#0" to="142575691#2"/>
    <trip id="veh47" type="veh_passenger" depart="199.90" departLane="best" from="22956997#1" to="-152447118#6"/>
    <trip id="veh48" type="veh_passenger" depart="204.16" departLane="best" from="-142575690#7" to="138624421#3"/>
    <trip id="veh49" type="veh_passenger" depart="208.41" departLane="best" from="138624421#24" to="53385386#5"/>
    <trip id="veh50" type="veh_passenger" depart="212.66" departLane="best" from="-38568630#2" to="-206579063#0"/>
    <trip id="veh51" type="veh_passenger" depart="216.92" departLane="best" from="141968913#1" to="-145586617#7"/>
    <trip id="veh52" type="veh_passenger" depart="221.17" departLane="best" from="257072321#7" to="-152447118#2"/>
    <trip id="veh54" type="veh_passenger" depart="229.68" departLane="best" departSpeed="max" from="206579067" to="142575692#2"/>
    <trip id="veh55" type="veh_passenger" depart="233.93" departLane="best" from="22956997#3" to="142575690#3"/>
    <trip id="veh56" type="veh_passenger" depart="238.18" departLane="best" from="-38717602#1" to="292525973"/>
    <trip id="veh57" type="veh_passenger" depart="242.43" departLane="best" departSpeed="max" from="-259433184#4" to="-141968799#3"/>
    <trip id="veh58" type="veh_passenger" depart="246.69" departLane="best" from="-38568633#2" to="52460499#8"/>
    <trip id="veh59" type="veh_passenger" depart="250.94" departLane="best" from="-142575658#4" to="-142575655#3"/>
    <trip id="veh60" type="veh_passenger" depart="255.19" departLane="best" from="142575655#0" to="22917233#1"/>
    <trip id="veh61" type="veh_passenger" depart="259.45" departLane="best" departSpeed="max" from="206579067" to="143308521#7"/>
    <trip id="veh62" type="veh_passenger" depart="263.70" departLane="best" from="-138624469#6" to="142575693#5"/>
    <trip id="veh63" type="veh_passenger" depart="267.95" departLane="best" departSpeed="max" from="-22721673#1" to="38717601"/>
    <trip id="veh64" type="veh_passenger" depart="272.21" departLane="best" from="1116438958#0" to="153959893#1"/>
    <trip id="veh65" type="veh_passenger" depart="276.46" departLane="best" from="142575686#3" to="190083610#1"/>
    <trip id="veh66" type="veh_passenger" depart="280.71" departLane="best" from="153959908#16" to="38915289#0"/>
    <trip id="veh67" type="veh_passenger" depart="284.97" departLane="best" from="862741107" to="153959893#2"/>
    <trip id="veh69" type="veh_passenger" depart="293.47" departLane="best" from="-143308521#12" to="-153959908#4"/>
    <trip id="veh71" type="veh_passenger" depart="301.98" departLane="best" departSpeed="max" from="-177839808" to="153959908#16"/>
    <trip id="veh72" type="veh_passenger" depart="306.23" departLane="best" from="142575655#11" to="-145586617#6"/>
    <trip id="veh73" type="veh_passenger" depart="310.49" departLane="best" departSpeed="max" from="-177839808" to="461093303#4"/>
    <trip id="veh74" type="veh_passenger" depart="314.74" departLane="best" from="318210393#0" to="-142575655#10"/>
    <trip id="veh75" type="veh_passenger" depart="318.99" departLane="best" from="-180789857#14" to="-153959908#8"/>
    <trip id="veh77" type="veh_passenger" depart="327.50" departLane="best" from="52460499#1" to="143308532#6"/>
    <trip id="veh78" type="veh_passenger" depart="331.75" departLane="best" from="138624469#11" to="25684295#0"/>
    <trip id="veh79" type="veh_passenger" depart="336.01" departLane="best" from="257072321#12" to="-152447118#13"/>
    <trip id="veh80" type="veh_passenger" depart="340.26" departLane="best" from="-142575684#1" to="138624421#2"/>
    <trip id="veh81" type="veh_passenger" depart="344.51" departLane="best" from="1125710844#2" to="-141968799#8"/>
    <trip id="veh82" type="veh_passenger" depart="348.77" departLane="best" from="-180789857#5" to="153959913#2"/>
    <trip id="veh83" type="veh_passenger" depart="353.02" departLane="best" departSpeed="max" from="83708562" to="-142575684#3"/>
    <trip id="veh84" type="veh_passenger" depart="357.27" departLane="best" from="176051612#1" to="-5116489#4"/>
    <trip id="veh85" type="veh_passenger" depart="361.53" departLane="best" from="318210393#2" to="180789857#7"/>
    <trip id="veh86" type="veh_passenger" depart="365.78" departLane="best" from="153959879#1" to="138624445#8"/>
    <trip id="veh87" type="veh_passenger" depart="370.03" departLane="best" from="1116438949#1" to="25684295#3"/>
    <trip id="veh88" type="veh_passenger" depart="374.29" departLane="best" departSpeed="max" from="-190083608#1" to="-5116489#6"/>
    <trip id="veh89" type="veh_passenger" depart="378.54" departLane="best" from="-1185240426#1" to="-38507369#2"/>
    <trip id="veh90" type="veh_passenger" depart="382.79" departLane="best" from="142575690#3" to="-138624469#11"/>
    <trip id="veh91" type="veh_passenger" depart="387.05" departLane="best" from="96834893" to="292525973"/>
    <trip id="veh93" type="veh_passenger" depart="395.55" departLane="best" from="283317455#0" to="-145586617#28"/>
    <trip id="veh94" type="veh_passenger" depart="399.80" departLane="best" from="-141968799#5" to="153959893#2"/>
    <trip id="veh95" type="veh_passenger" depart="404.06" departLane="best" from="-887919959#5" to="-141968799#4"/>
    <trip id="veh96" type="veh_passenger" depart="408.31" departLane="best" from="-69923171#0" to="802021414#6"/>
    <trip id="veh97" type="veh_passenger" depart="412.56" departLane="best" departSpeed="max" from="-22721673#1" to="25684295#0"/>
    <trip id="veh98" type="veh_passenger" depart="416.82" departLane="best" from="69923034#1" to="868347084"/>
    <trip id="veh99" type="veh_passenger" depart="421.07" departLane="best" from="142575692#1" to="180789857#5"/>
    <trip id="veh100" type="veh_passenger" depart="425.32" departLane="best" from="145586617#27" to="-283317455#1"/>
    <trip id="veh101" type="veh_passenger" depart="429.58" departLane="best" from="71028777#3" to="143308562#2"/>
    <trip id="veh102" type="veh_passenger" depart="433.83" departLane="best" from="142575688#1" to="206579088"/>
    <trip id="veh103" type="veh_passenger" depart="438.08" departLane="best" from="141968799#2" to="143308587#1"/>
    <trip id="veh104" type="veh_passenger" depart="442.34" departLane="best" from="142575655#11" to="-318210395"/>
    <trip id="veh105" type="veh_passenger" depart="446.59" departLane="best" from="145586617#30" to="578659322#1"/>
    <trip id="veh106" type="veh_passenger" depart="450.84" departLane="best" from="-142575657#3" to="-152447118#1"/>
    <trip id="veh107" type="veh_passenger" depart="455.10" departLane="best" departSpeed="max" from="143308546#0" to="153959913#2"/>
    <trip id="veh108" type="veh_passenger" depart="459.35" departLane="best" from="-180789857#1" to="142575691#1"/>
    <trip id="veh109" type="veh_passenger" depart="463.60" departLane="best" from="429155576#0" to="180789857#2"/>
    <trip id="veh110" type="veh_passenger" depart="467.86" departLane="best" departSpeed="max" from="143308546#0" to="-145586617#28"/>
    <trip id="veh111" type="veh_passenger" depart="472.11" departLane="best" from="1116438948#8" to="143308587#1"/>
    <trip id="veh112" type="veh_passenger" depart="476.36" departLane="best" from="142575659#3" to="52081116#6"/>
    <trip id="veh113" type="veh_passenger" depart="480.62" departLane="best" from="153959908#18" to="180789857#15"/>
    <trip id="veh114" type="veh_passenger" depart="484.87" departLane="best" departSpeed="max" from="-180789857#15" to="-1116438948#9"/>
    <trip id="veh115" type="veh_passenger" depart="489.12" departLane="best" departSpeed="max" from="153947874#0" to="320741893"/>
    <trip id="veh116" type="veh_passenger" depart="493.38" departLane="best" from="-38568630#1" to="22721673#1"/>
    <trip id="veh117" type="veh_passenger" depart="497.63" departLane="best" from="142575655#17" to="141873658#0"/>
    <trip id="veh118" type="veh_passenger" depart="501.88" departLane="best" from="887919959#5" to="868347084"/>
    <trip id="veh119" type="veh_passenger" depart="506.14" departLane="best" from="142575655#18" to="153959893#2"/>
    <trip id="veh120" type="veh_passenger" depart="510.39" departLane="best" departSpeed="max" from="-22721673#1" to="52081116#5"/>
    <trip id="veh121" type="veh_passenger" depart="514.64" departLane="best" from="-38915289#1" to="38717602#4"/>
    <trip id="veh122" type="veh_passenger" depart="518.90" departLane="best" from="52460499#14" to="-145586617#21"/>
    <trip id="veh123" type="veh_passenger" depart="523.15" departLane="best" from="259466417#2" to="177839808"/>
    <trip id="veh125" type="veh_passenger" depart="531.66" departLane="best" from="145586617#9" to="-1116438949#0"/>
    <trip id="veh126" type="veh_passenger" depart="535.91" departLane="best" departSpeed="max" from="259433182#0" to="-318210395"/>
    <trip id="veh127" type="veh_passenger" depart="540.16" departLane="best" from="152447118#5" to="52081116#7"/>
    <trip id="veh129" type="veh_passenger" depart="548.67" departLane="best" from="24214694#2" to="-145586617#16"/>
    <trip id="veh130" type="veh_passenger" depart="552.92" departLane="best" from="176051612#0" to="-153947874#1"/>
    <trip id="veh131" type="veh_passenger" depart="557.18" departLane="best" from="145586617#24" to="-206579063#1"/>
    <trip id="veh132" type="veh_passenger" depart="561.43" departLane="best" from="141968799#9" to="461093303#4"/>
    <trip id="veh134" type="veh_passenger" depart="569.93" departLane="best" from="1125710844#2" to="-25684295#2"/>
    <trip id="veh135" type="veh_passenger" depart="574.19" departLane="best" from="1116438948#8" to="24733698#2"/>
    <trip id="veh136" type="veh_passenger" depart="578.44" departLane="best" from="145586617#26" to="206579062#0"/>
    <trip id="veh137" type="veh_passenger" depart="582.69" departLane="best" from="-190083618#1" to="142575693#6"/>
    <trip id="veh139" type="veh_passenger" depart="591.20" departLane="best" from="142575655#6" to="-407167843#0"/>
    <trip id="veh140" type="veh_passenger" depart="595.45" departLane="best" from="461093303#1" to="142575693#1"/>
    <trip id="veh141" type="veh_passenger" depart="599.71" departLane="best" from="259466417#3" to="-143308570"/>
    <trip id="veh142" type="veh_passenger" depart="603.96" departLane="best" from="145586617#21" to="143308521#5"/>
    <trip id="veh143" type="veh_passenger" depart="608.21" departLane="best" departSpeed="max" from="-259433184#4" to="46039050#6"/>
    <trip id="veh144" type="veh_passenger" depart="612.47" departLane="best" from="25684171" to="-38507369#1"/>
    <trip id="veh145" type="veh_passenger" depart="616.72" departLane="best" from="143308532#2" to="-153959879#2"/>
    <trip id="veh146" type="veh_passenger" depart="620.97" departLane="best" departSpeed="max" from="-190083608#1" to="-142575687#0"/>
    <trip id="veh147" type="veh_passenger" depart="625.23" departLane="best" from="22956997#5" to="-407167843#1"/>
    <trip id="veh148" type="veh_passenger" depart="629.48" departLane="best" departSpeed="max" from="1116438948#0" to="-145586617#30"/>
    <trip id="veh149" type="veh_passenger" depart="633.73" departLane="best" from="145586617#27" to="52081116#2"/>
    <trip id="veh150" type="veh_passenger" depart="637.99" departLane="best" from="320741895#0" to="-71028777#1"/>
    <trip id="veh151" type="veh_passenger" depart="642.24" departLane="best" from="257072321#8" to="38915289#4"/>
    <trip id="veh152" type="veh_passenger" depart="646.49" departLane="best" from="-138624421#18" to="-206579062#0"/>
    <trip id="veh153" type="veh_passenger" depart="650.75" departLane="best" departSpeed="max" from="-38717602#4" to="52081116#3"/>
    <trip id="veh154" type="veh_passenger" depart="655.00" departLane="best" from="-25684295#5" to="38568630#4"/>
    <trip id="veh155" type="veh_passenger" depart="659.25" departLane="best" from="257072321#8" to="-22956997#4"/>
    <trip id="veh156" type="veh_passenger" depart="663.51" departLane="best" departSpeed="max" from="25382187" to="-142575688#4"/>
    <trip id="veh158" type="veh_passenger" depart="672.01" departLane="best" from="-157110895#1" to="259466417#4"/>
    <trip id="veh159" type="veh_passenger" depart="676.27" departLane="best" from="138624421#9" to="-38507369#2"/>
    <trip id="veh160" type="veh_passenger" depart="680.52" departLane="best" departSpeed="max" from="25382187" to="-153959908#6"/>
    <trip id="veh161" type="veh_passenger" depart="684.77" departLane="best" from="-138624421#14" to="-152447118#3"/>
    <trip id="veh162" type="veh_passenger" depart="689.03" departLane="best" from="-38717602#1" to="38568632"/>
    <trip id="veh163" type="veh_passenger" depart="693.28" departLane="best" from="71028777#1" to="25684295#4"/>
    <trip id="veh164" type="veh_passenger" depart="697.53" departLane="best" from="145586617#31" to="-1125710844#2"/>
    <trip id="veh165" type="veh_passenger" depart="701.79" departLane="best" from="-81414551#2" to="142575691#2"/>
    <trip id="veh166" type="veh_passenger" depart="706.04" departLane="best" from="52460499#2" to="142575690#8"/>
    <trip id="veh168" type="veh_passenger" depart="714.55" departLane="best" departSpeed="max" from="70130312#0" to="-22956997#1"/>
    <trip id="veh169" type="veh_passenger" depart="718.80" departLane="best" from="-142575690#10" to="138624421#29"/>
    <trip id="veh170" type="veh_passenger" depart="723.05" departLane="best" from="-180789857#4" to="38915289#5"/>
    <trip id="veh171" type="veh_passenger" depart="727.30" departLane="best" from="143308587#1" to="142575684#0"/>
    <trip id="veh173" type="veh_passenger" depart="735.81" departLane="best" from="-190083610#1" to="180239858#0"/>
    <trip id="veh174" type="veh_passenger" depart="740.06" departLane="best" from="1116438948#3" to="5116489#8"/>
    <trip id="veh175" type="veh_passenger" depart="744.32" departLane="best" from="142575686#1" to="180789857#7"/>
    <trip id="veh176" type="veh_passenger" depart="748.57" departLane="best" from="190083618#0" to="153959913#0"/>
    <trip id="veh177" type="veh_passenger" depart="752.82" departLane="best" from="-5116489#8" to="-142575655#1"/>
    <trip id="veh178" type="veh_passenger" depart="757.08" departLane="best" from="152447118#7" to="-5116463#2"/>
    <trip id="veh179" type="veh_passenger" depart="761.33" departLane="best" from="38507369#0" to="318210380#0"/>
    <trip id="veh180" type="veh_passenger" depart="765.58" departLane="best" from="-180239842" to="320741893"/>
    <trip id="veh181" type="veh_passenger" depart="769.84" departLane="best" departSpeed="max" from="-259433184#4" to="1145224897#6"/>
    <trip id="veh182" type="veh_passenger" depart="774.09" departLane="best" from="1116425695#1" to="-259433184#2"/>
    <trip id="veh183" type="veh_passenger" depart="778.34" departLane="best" from="-143308562#2" to="1185240426#3"/>
    <trip id="veh184" type="veh_passenger" depart="782.60" departLane="best" from="52460499#5" to="153959913#2"/>
    <trip id="veh185" type="veh_passenger" depart="786.85" departLane="best" from="46039051#1" to="-145586617#25"/>
    <trip id="veh186" type="veh_passenger" depart="791.10" departLane="best" from="-257072322#6" to="142575693#3"/>
    <trip id="veh188" type="veh_passenger" depart="799.61" departLane="best" departSpeed="max" from="147859763#0" to="-141968799#5"/>
    <trip id="veh190" type="veh_passenger" depart="808.12" departLane="best" from="-138624469#2" to="46039050#8"/>
    <trip id="veh191" type="veh_passenger" depart="812.37" departLane="best" from="-142575658#3" to="142575685#2"/>
    <trip id="veh192" type="veh_passenger" depart="816.62" departLane="best" from="-145586617#22" to="-5116489#12"/>
    <trip id="veh193" type="veh_passenger" depart="820.88" departLane="best" departSpeed="max" from="259433182#0" to="224769559"/>
    <trip id="veh194" type="veh_passenger" depart="825.13" departLane="best" from="153959908#14" to="-138624421#15"/>
    <trip id="veh195" type="veh_passenger" depart="829.38" departLane="best" from="-180789857#8" to="-141968853#1"/>
    <trip id="veh196" type="veh_passenger" depart="833.64" departLane="best" from="1116438948#3" to="-145586617#5"/>
    <trip id="veh197" type="veh_passenger" depart="837.89" departLane="best" from="-153959893#2" to="175934374#2"/>
    <trip id="veh198" type="veh_passenger" depart="842.14" departLane="best" from="141968830#3" to="180789857#12"/>
    <trip id="veh199" type="veh_passenger" depart="846.40" departLane="best" departSpeed="max" from="147859763#0" to="-1116438948#6"/>
    <trip id="veh200" type="veh_passenger" depart="850.65" departLane="best" from="206579058#1" to="24733698#1"/>
    <trip id="veh201" type="veh_passenger" depart="854.90" departLane="best" from="-142575689#1" to="135777011#0"/>
    <trip id="veh202" type="veh_passenger" depart="859.16" departLane="best" from="152447118#11" to="-543074338"/>
    <trip id="veh203" type="veh_passenger" depart="863.41" departLane="best" from="142575658#5" to="-138624469#11"/>
    <trip id="veh204" type="veh_passenger" depart="867.66" departLane="best" departSpeed="max" from="-190083608#1" to="318210380#0"/>
    <trip id="veh206" type="veh_passenger" depart="876.17" departLane="best" departSpeed="max" from="153947874#0" to="81414476#2"/>
    <trip id="veh207" type="veh_passenger" depart="880.42" departLane="best" departSpeed="max" from="143308546#0" to="53385386#2"/>
    <trip id="veh208" type="veh_passenger" depart="884.67" departLane="best" from="429155576#1" to="145586617#22"/>
    <trip id="veh209" type="veh_passenger" depart="888.93" departLane="best" from="176051612#1" to="-142575662#6"/>
    <trip id="veh210" type="veh_passenger" depart="893.18" departLane="best" from="259466417#0" to="142575693#3"/>
    <trip id="veh212" type="veh_passenger" depart="901.69" departLane="best" from="-138624469#5" to="-190083616"/>
    <trip id="veh213" type="veh_passenger" depart="905.94" departLane="best" departSpeed="max" from="-190083608#1" to="-152447118#12"/>
    <trip id="veh214" type="veh_passenger" depart="910.19" departLane="best" departSpeed="max" from="206579067" to="-142575688#0"/>
    <trip id="veh215" type="veh_passenger" depart="914.45" departLane="best" from="-145586617#18" to="-25684171"/>
    <trip id="veh216" type="veh_passenger" depart="918.70" departLane="best" from="-24214694#1" to="-412992935#1"/>
    <trip id="veh217" type="veh_passenger" depart="922.95" departLane="best" from="142575687#0" to="-145586617#1"/>
    <trip id="veh218" type="veh_passenger" depart="927.21" departLane="best" departSpeed="max" from="-177839808" to="-172014854#2"/>
    <trip id="veh219" type="veh_passenger" depart="931.46" departLane="best" from="157110895#1" to="-141968853#0"/>
    <trip id="veh220" type="veh_passenger" depart="935.71" departLane="best" departSpeed="max" from="1116438948#0" to="142575692#5"/>
    <trip id="veh221" type="veh_passenger" depart="939.97" departLane="best" from="1116438948#6" to="-153959879#0"/>
    <trip id="veh222" type="veh_passenger" depart="944.22" departLane="best" from="1116438948#9" to="461093303#3"/>
    <trip id="veh223" type="veh_passenger" depart="948.47" departLane="best" from="143308532#3" to="175934374#2"/>
    <trip id="veh224" type="veh_passenger" depart="952.73" departLane="best" from="-206579060#1" to="-22956997#9"/>
    <trip id="veh225" type="veh_passenger" depart="956.98" departLane="best" from="-71028774#0" to="-1116438948#6"/>
    <trip id="veh226" type="veh_passenger" depart="961.23" departLane="best" from="5116463#2" to="22721673#1"/>
    <trip id="veh227" type="veh_passenger" depart="965.49" departLane="best" from="313964778#3" to="53385386#5"/>
    <trip id="veh228" type="veh_passenger" depart="969.74" departLane="best" from="1116438948#8" to="206579088"/>
    <trip id="veh229" type="veh_passenger" depart="973.99" departLane="best" from="142575689#1" to="-145586617#14"/>
    <trip id="veh230" type="veh_passenger" depart="978.25" departLane="best" departSpeed="max" from="-153959913#2" to="153959908#15"/>
    <trip id="veh232" type="veh_passenger" depart="986.75" departLane="best" from="-38915289#6" to="155586403#0"/>
    <trip id="veh233" type="veh_passenger" depart="991.01" departLane="best" from="1116425697#0" to="-145586617#27"/>
    <trip id="veh234" type="veh_passenger" depart="995.26" departLane="best" from="138624445#3" to="143308521#6"/>
    <trip id="veh235" type="veh_passenger" depart="999.51" departLane="best" from="145586617#13" to="-138624421#21"/>
    <trip id="veh236" type="veh_passenger" depart="1003.77" departLane="best" from="746625192" to="143308532#1"/>
    <trip id="veh237" type="veh_passenger" depart="1008.02" departLane="best" from="-138624421#22" to="-152447118#9"/>
    <trip id="veh238" type="veh_passenger" depart="1012.27" departLane="best" from="145586617#11" to="141968799#12"/>
    <trip id="veh239" type="veh_passenger" depart="1016.53" departLane="best" from="-138624469#9" to="81414551#2"/>
    <trip id="veh240" type="veh_passenger" depart="1020.78" departLane="best" from="153959908#9" to="-461093303#5"/>
    <trip id="veh241" type="veh_passenger" depart="1025.03" departLane="best" departSpeed="max" from="206579067" to="81414551#2"/>
    <trip id="veh242" type="veh_passenger" depart="1029.29" departLane="best" from="-206579061" to="292525973"/>
    <trip id="veh243" type="veh_passenger" depart="1033.54" departLane="best" departSpeed="max" from="-190083608#1" to="-142575657#5"/>
    <trip id="veh244" type="veh_passenger" depart="1037.79" departLane="best" from="-135777010#6" to="142575693#4"/>
    <trip id="veh245" type="veh_passenger" depart="1042.04" departLane="best" from="96834893" to="-52460499#4"/>
    <trip id="veh246" type="veh_passenger" depart="1046.30" departLane="best" from="145586617#5" to="25684148"/>
    <trip id="veh247" type="veh_passenger" depart="1050.55" departLane="best" from="145586617#6" to="22721673#1"/>
    <trip id="veh248" type="veh_passenger" depart="1054.80" departLane="best" from="578659322#1" to="-152447118#8"/>
    <trip id="veh249" type="veh_passenger" depart="1059.06" departLane="best" from="135777011#0" to="-145586617#17"/>
    <trip id="veh250" type="veh_passenger" depart="1063.31" departLane="best" from="-143308521#9" to="-153959908#9"/>
    <trip id="veh251" type="veh_passenger" depart="1067.56" departLane="best" from="142575693#2" to="-153959908#14"/>
    <trip id="veh252" type="veh_passenger" depart="1071.82" departLane="best" from="153959908#8" to="24214694#1"/>
    <trip id="veh253" type="veh_passenger" depart="1076.07" departLane="best" from="145586617#6" to="145586617#19"/>
    <trip id="veh254" type="veh_passenger" depart="1080.32" departLane="best" departSpeed="max" from="19791220" to="142575690#6"/>
    <trip id="veh255" type="veh_passenger" depart="1084.58" departLane="best" departSpeed="max" from="259433182#0" to="670062902#1"/>
    <trip id="veh256" type="veh_passenger" depart="1088.83" departLane="best" from="-142575690#10" to="-138624421#19"/>
    <trip id="veh257" type="veh_passenger" depart="1093.08" departLane="best" from="318210395" to="153959913#2"/>
    <trip id="veh258" type="veh_passenger" depart="1097.34" departLane="best" from="69923058#0" to="-1116438949#0"/>
    <trip id="veh259" type="veh_passenger" depart="1101.59" departLane="best" from="175934374#2" to="-142575655#6"/>
    <trip id="veh260" type="veh_passenger" depart="1105.84" departLane="best" from="153959908#16" to="145586617#37"/>
    <trip id="veh261" type="veh_passenger" depart="1110.10" departLane="best" from="142575687#2" to="24733698#2"/>
    <trip id="veh262" type="veh_passenger" depart="1114.35" departLane="best" from="313964778#0" to="-145586617#12"/>
    <trip id="veh263" type="veh_passenger" depart="1118.60" departLane="best" from="24214694#0" to="-52460499#12"/>
    <trip id="veh265" type="veh_passenger" depart="1127.11" departLane="best" from="142575655#2" to="-5116489#6"/>
    <trip id="veh266" type="veh_passenger" depart="1131.36" departLane="best" from="283317455#0" to="26547172#0"/>
    <trip id="veh267" type="veh_passenger" depart="1135.62" departLane="best" from="142575688#5" to="578659322#1"/>
    <trip id="veh268" type="veh_passenger" depart="1139.87" departLane="best" from="145586617#25" to="283317454"/>
    <trip id="veh269" type="veh_passenger" depart="1144.12" departLane="best" from="157110895#1" to="138624421#31"/>
    <trip id="veh270" type="veh_passenger" depart="1148.38" departLane="best" from="190083610#1" to="670062902#1"/>
    <trip id="veh271" type="veh_passenger" depart="1152.63" departLane="best" from="22956997#8" to="25944425#0"/>
    <trip id="veh272" type="veh_passenger" depart="1156.88" departLane="best" from="-1157627076" to="190083618#0"/>
    <trip id="veh273" type="veh_passenger" depart="1161.14" departLane="best" from="22956997#5" to="318210393#2"/>
    <trip id="veh274" type="veh_passenger" depart="1165.39" departLane="best" from="259466417#0" to="-142575658#5"/>
    <trip id="veh275" type="veh_passenger" depart="1169.64" departLane="best" from="-38915289#2" to="180789857#11"/>
    <trip id="veh276" type="veh_passenger" depart="1173.90" departLane="best" from="138624445#14" to="-145586617#20"/>
    <trip id="veh277" type="veh_passenger" depart="1178.15" departLane="best" from="-69923171#0" to="-138624421#25"/>
    <trip id="veh278" type="veh_passenger" depart="1182.40" departLane="best" from="313964778#1" to="-147859763#0"/>
    <trip id="veh279" type="veh_passenger" depart="1186.66" departLane="best" from="153959908#9" to="257072322#8"/>
    <trip id="veh280" type="veh_passenger" depart="1190.91" departLane="best" from="-412992929#5" to="38915289#1"/>
    <trip id="veh281" type="veh_passenger" depart="1195.16" departLane="best" from="143308562#7" to="53385386#1"/>
    <trip id="veh282" type="veh_passenger" depart="1199.41" departLane="best" from="-142575658#4" to="180789857#9"/>
    <trip id="veh283" type="veh_passenger" depart="1203.67" departLane="best" from="141968807#0" to="22917228#0"/>
    <trip id="veh284" type="veh_passenger" depart="1207.92" departLane="best" from="-153959908#16" to="-153959879#1"/>
    <trip id="veh285" type="veh_passenger" depart="1212.17" departLane="best" from="141968810#1" to="-257072321#3"/>
    <trip id="veh286" type="veh_passenger" depart="1216.43" departLane="best" from="-142575673#3" to="-153959908#17"/>
    <trip id="veh287" type="veh_passenger" depart="1220.68" departLane="best" from="153959908#17" to="38568630#1"/>
    <trip id="veh288" type="veh_passenger" depart="1224.93" departLane="best" from="143308532#1" to="-141968830#3"/>
    <trip id="veh289" type="veh_passenger" depart="1229.19" departLane="best" from="-142575682#1" to="-135777011#1"/>
    <trip id="veh290" type="veh_passenger" depart="1233.44" departLane="best" departSpeed="max" from="19791220" to="-5116489#1"/>
    <trip id="veh291" type="veh_passenger" depart="1237.69" departLane="best" from="-153959913#0" to="-24214694#2"/>
    <trip id="veh292" type="veh_passenger" depart="1241.95" departLane="best" departSpeed="max" from="-190083608#1" to="142575699#1"/>
    <trip id="veh293" type="veh_passenger" depart="1246.20" departLane="best" from="153959893#0" to="142575691#1"/>
    <trip id="veh294" type="veh_passenger" depart="1250.45" departLane="best" from="142575685#2" to="-22956997#1"/>
    <trip id="veh295" type="veh_passenger" depart="1254.71" departLane="best" from="152447118#7" to="-153959908#13"/>
    <trip id="veh296" type="veh_passenger" depart="1258.96" departLane="best" from="141968799#2" to="190083608#1"/>
    <trip id="veh297" type="veh_passenger" depart="1263.21" departLane="best" from="-802021414#6" to="142575689#0"/>
    <trip id="veh298" type="veh_passenger" depart="1267.47" departLane="best" departSpeed="max" from="-25684148" to="-142575684#7"/>
    <trip id="veh299" type="veh_passenger" depart="1271.72" departLane="best" from="152447118#2" to="1130887422#4"/>
    <trip id="veh300" type="veh_passenger" depart="1275.97" departLane="best" from="142575684#6" to="-25684171"/>
    <trip id="veh301" type="veh_passenger" depart="1280.23" departLane="best" from="-802021414#1" to="142575693#9"/>
    <trip id="veh302" type="veh_passenger" depart="1284.48" departLane="best" from="153959908#6" to="-143308521#2"/>
    <trip id="veh303" type="veh_passenger" depart="1288.73" departLane="best" from="320744674#0" to="142575657#14"/>
    <trip id="veh304" type="veh_passenger" depart="1292.99" departLane="best" from="152447118#6" to="-138624477#0"/>
    <trip id="veh305" type="veh_passenger" depart="1297.24" departLane="best" from="52460499#6" to="141968853#5"/>
    <trip id="veh306" type="veh_passenger" depart="1301.49" departLane="best" from="259433182#1" to="1125710844#4"/>
    <trip id="veh307" type="veh_passenger" depart="1305.75" departLane="best" from="142575655#3" to="-145586617#4"/>
    <trip id="veh308" type="veh_passenger" depart="1310.00" departLane="best" from="-141968799#1" to="-145586617#14"/>
    <trip id="veh309" type="veh_passenger" depart="1314.25" departLane="best" from="142575693#1" to="-38507369#0"/>
    <trip id="veh310" type="veh_passenger" depart="1318.51" departLane="best" from="862741106" to="142575691#0"/>
    <trip id="veh311" type="veh_passenger" depart="1322.76" departLane="best" departSpeed="max" from="206579067" to="-145586617#18"/>
    <trip id="veh312" type="veh_passenger" depart="1327.01" departLane="best" departSpeed="max" from="25382187" to="-153959908#5"/>
    <trip id="veh313" type="veh_passenger" depart="1331.27" departLane="best" from="142575659#3" to="138624469#1"/>
    <trip id="veh315" type="veh_passenger" depart="1339.77" departLane="best" departSpeed="max" from="83708562" to="38568630#0"/>
    <trip id="veh316" type="veh_passenger" depart="1344.03" departLane="best" departSpeed="max" from="190083616" to="-52460499#9"/>
    <trip id="veh317" type="veh_passenger" depart="1348.28" departLane="best" from="-153959908#5" to="-153959893#0"/>
    <trip id="veh318" type="veh_passenger" depart="1352.53" departLane="best" from="152447118#12" to="-145586617#20"/>
    <trip id="veh319" type="veh_passenger" depart="1356.78" departLane="best" from="152447118#10" to="-142575655#5"/>
    <trip id="veh320" type="veh_passenger" depart="1361.04" departLane="best" from="1116438948#6" to="138624469#1"/>
    <trip id="veh321" type="veh_passenger" depart="1365.29" departLane="best" departSpeed="max" from="143308546#0" to="257072322#7"/>
    <trip id="veh322" type="veh_passenger" depart="1369.54" departLane="best" departSpeed="max" from="-177839808" to="-180239842"/>
    <trip id="veh323" type="veh_passenger" depart="1373.80" departLane="best" from="-153959913#1" to="138624469#5"/>
    <trip id="veh324" type="veh_passenger" depart="1378.05" departLane="best" departSpeed="max" from="25382187" to="-145586617#36"/>
    <trip id="veh325" type="veh_passenger" depart="1382.30" departLane="best" from="152447118#13" to="52081116#5"/>
    <trip id="veh326" type="veh_passenger" depart="1386.56" departLane="best" from="-1125710845#0" to="142575692#6"/>
    <trip id="veh327" type="veh_passenger" depart="1390.81" departLane="best" from="145586617#38" to="46150483#1"/>
    <trip id="veh328" type="veh_passenger" depart="1395.06" departLane="best" from="25944425#0" to="-142575655#11"/>
    <trip id="veh329" type="veh_passenger" depart="1399.32" departLane="best" from="145586617#4" to="38568630#4"/>
    <trip id="veh330" type="veh_passenger" depart="1403.57" departLane="best" from="-25684295#0" to="143308521#11"/>
    <trip id="veh331" type="veh_passenger" depart="1407.82" departLane="best" from="153959908#14" to="1116425695#1"/>
    <trip id="veh333" type="veh_passenger" depart="1416.33" departLane="best" from="141968830#0" to="-142575657#3"/>
    <trip id="veh334" type="veh_passenger" depart="1420.58" departLane="best" from="-38568633#2" to="190083608#0"/>
    <trip id="veh335" type="veh_passenger" depart="1424.84" departLane="best" from="-142575662#7" to="590751236#0"/>
    <trip id="veh337" type="veh_passenger" depart="1433.34" departLane="best" from="590751236#1" to="96834893"/>
    <trip id="veh338" type="veh_passenger" depart="1437.60" departLane="best" departSpeed="max" from="153947874#0" to="-24214694#0"/>
    <trip id="veh339" type="veh_passenger" depart="1441.85" departLane="best" from="-138624445#17" to="22721673#1"/>
    <trip id="veh341" type="veh_passenger" depart="1450.36" departLane="best" from="5116489#11" to="-147859763#0"/>
    <trip id="veh342" type="veh_passenger" depart="1454.61" departLane="best" from="143308532#4" to="-147859763#3"/>
    <trip id="veh343" type="veh_passenger" depart="1458.86" departLane="best" from="141968814#1" to="-142575662#6"/>
    <trip id="veh344" type="veh_passenger" depart="1463.12" departLane="best" from="-461093303#4" to="-5116489#11"/>
    <trip id="veh346" type="veh_passenger" depart="1471.62" departLane="best" from="-38717602#3" to="-172014854#2"/>
    <trip id="veh347" type="veh_passenger" depart="1475.88" departLane="best" from="25684171" to="-52460499#4"/>
    <trip id="veh348" type="veh_passenger" depart="1480.13" departLane="best" from="-257072322#8" to="142575693#5"/>
    <trip id="veh349" type="veh_passenger" depart="1484.38" departLane="best" from="138624421#27" to="-38915289#6"/>
    <trip id="veh350" type="veh_passenger" depart="1488.64" departLane="best" departSpeed="max" from="-38717601" to="69923058#1"/>
    <trip id="veh351" type="veh_passenger" depart="1492.89" departLane="best" from="1116425697#0" to="142575684#8"/>
    <trip id="veh352" type="veh_passenger" depart="1497.14" departLane="best" departSpeed="max" from="83708562" to="-153959908#15"/>
    <trip id="veh354" type="veh_passenger" depart="1505.65" departLane="best" from="152447118#9" to="-71028774#0"/>
    <trip id="veh355" type="veh_passenger" depart="1509.90" departLane="best" from="206579063#1" to="-145586617#36"/>
    <trip id="veh356" type="veh_passenger" depart="1514.16" departLane="best" departSpeed="max" from="206579067" to="-153947874#1"/>
    <trip id="veh358" type="veh_passenger" depart="1522.66" departLane="best" from="145586617#31" to="142575693#6"/>
    <trip id="veh359" type="veh_passenger" depart="1526.91" departLane="best" from="840221741" to="-5116463#2"/>
    <trip id="veh360" type="veh_passenger" depart="1531.17" departLane="best" from="-138624432" to="142575691#0"/>
    <trip id="veh361" type="veh_passenger" depart="1535.42" departLane="best" from="259466417#1" to="142575659#0"/>
    <trip id="veh362" type="veh_passenger" depart="1539.67" departLane="best" from="175934374#3" to="-142575679#2"/>
    <trip id="veh363" type="veh_passenger" depart="1543.93" departLane="best" from="-24733698#0" to="292525973"/>
    <trip id="veh364" type="veh_passenger" depart="1548.18" departLane="best" from="-81414551#1" to="180789857#11"/>
    <trip id="veh365" type="veh_passenger" depart="1552.43" departLane="best" from="142575690#4" to="1116425695#1"/>
    <trip id="veh366" type="veh_passenger" depart="1556.69" departLane="best" from="5116489#3" to="-142575679#1"/>
    <trip id="veh367" type="veh_passenger" depart="1560.94" departLane="best" from="-38717602#2" to="38568630#4"/>
    <trip id="veh368" type="veh_passenger" depart="1565.19" departLane="best" departSpeed="max" from="-24733698#2" to="-257072321#1"/>
    <trip id="veh369" type="veh_passenger" depart="1569.45" departLane="best" from="1116438948#5" to="52081116#6"/>
    <trip id="veh370" type="veh_passenger" depart="1573.70" departLane="best" from="142575655#6" to="26547171#2"/>
    <trip id="veh371" type="veh_passenger" depart="1577.95" departLane="best" departSpeed="max" from="-25684148" to="-318210395"/>
    <trip id="veh372" type="veh_passenger" depart="1582.21" departLane="best" from="143308532#5" to="96834893"/>
    <trip id="veh373" type="veh_passenger" depart="1586.46" departLane="best" from="141968807#1" to="-145586617#13"/>
    <trip id="veh374" type="veh_passenger" depart="1590.71" departLane="best" from="138624421#29" to="-429155576#0"/>
    <trip id="veh375" type="veh_passenger" depart="1594.97" departLane="best" from="153959879#0" to="175934374#3"/>
    <trip id="veh376" type="veh_passenger" depart="1599.22" departLane="best" from="-142575698" to="153959913#1"/>
    <trip id="veh377" type="veh_passenger" depart="1603.47" departLane="best" from="22917233#0" to="-138624445#7"/>
    <trip id="veh378" type="veh_passenger" depart="1607.73" departLane="best" departSpeed="max" from="19791220" to="177839808"/>
    <trip id="veh380" type="veh_passenger" depart="1616.23" departLane="best" from="152447118#6" to="26547171#2"/>
    <trip id="veh381" type="veh_passenger" depart="1620.49" departLane="best" from="-81414551#2" to="142575658#1"/>
    <trip id="veh382" type="veh_passenger" depart="1624.74" departLane="best" from="-138624445#10" to="-142575659#3"/>
    <trip id="veh384" type="veh_passenger" depart="1633.25" departLane="best" from="38507369#2" to="138624432"/>
    <trip id="veh385" type="veh_passenger" depart="1637.50" departLane="best" from="142575662#7" to="-138624477#2"/>
    <trip id="veh386" type="veh_passenger" depart="1641.75" departLane="best" departSpeed="max" from="147859763#0" to="-145586617#19"/>
    <trip id="veh387" type="veh_passenger" depart="1646.01" departLane="best" from="138624445#8" to="69923034#1"/>
    <trip id="veh388" type="veh_passenger" depart="1650.26" departLane="best" from="-412992929#1" to="-172014854#0"/>
    <trip id="veh389" type="veh_passenger" depart="1654.51" departLane="best" from="145586617#5" to="318210393#2"/>
    <trip id="veh390" type="veh_passenger" depart="1658.77" departLane="best" from="313964778#2" to="326994261#1"/>
    <trip id="veh391" type="veh_passenger" depart="1663.02" departLane="best" from="-71028774#0" to="-412992929#1"/>
    <trip id="veh392" type="veh_passenger" depart="1667.27" departLane="best" from="176051612#1" to="22917233#0"/>
    <trip id="veh394" type="veh_passenger" depart="1675.78" departLane="best" from="-141968860#2" to="-145586617#6"/>
    <trip id="veh395" type="veh_passenger" depart="1680.03" departLane="best" from="5116489#3" to="887919959#3"/>
    <trip id="veh396" type="veh_passenger" depart="1684.28" departLane="best" departSpeed="max" from="19791220" to="138624421#27"/>
    <trip id="veh397" type="veh_passenger" depart="1688.54" departLane="best" from="-142575684#4" to="-145586617#9"/>
    <trip id="veh398" type="veh_passenger" depart="1692.79" departLane="best" from="38507369#0" to="138624445#14"/>
    <trip id="veh399" type="veh_passenger" depart="1697.04" departLane="best" from="153959908#3" to="461093303#1"/>
    <trip id="veh400" type="veh_passenger" depart="1701.30" departLane="best" from="-138624469#10" to="257072322#4"/>
    <trip id="veh401" type="veh_passenger" depart="1705.55" departLane="best" from="-25684295#5" to="802021414#5"/>
    <trip id="veh402" type="veh_passenger" depart="1709.80" departLane="best" from="145586617#2" to="142575690#6"/>
    <trip id="veh403" type="veh_passenger" depart="1714.06" departLane="best" from="142575692#2" to="-257072321#2"/>
    <trip id="veh404" type="veh_passenger" depart="1718.31" departLane="best" from="145586617#9" to="-142575657#11"/>
    <trip id="veh406" type="veh_passenger" depart="1726.82" departLane="best" departSpeed="max" from="-180789857#15" to="-5116463#2"/>
    <trip id="veh407" type="veh_passenger" depart="1731.07" departLane="best" from="145586617#18" to="141968799#11"/>
    <trip id="veh408" type="veh_passenger" depart="1735.32" departLane="best" from="-1125710845#0" to="259433184#4"/>
    <trip id="veh409" type="veh_passenger" depart="1739.58" departLane="best" from="46039050#8" to="153959913#2"/>
    <trip id="veh410" type="veh_passenger" depart="1743.83" departLane="best" from="145586617#31" to="138624445#1"/>
    <trip id="veh412" type="veh_passenger" depart="1752.34" departLane="best" from="145586617#28" to="135777010#6"/>
    <trip id="veh413" type="veh_passenger" depart="1756.59" departLane="best" from="153959908#14" to="1116425695#2"/>
    <trip id="veh414" type="veh_passenger" depart="1760.84" departLane="best" from="-141968799#13" to="157110895#2"/>
    <trip id="veh416" type="veh_passenger" depart="1769.35" departLane="best" from="862741106" to="-259433184#0"/>
    <trip id="veh417" type="veh_passenger" depart="1773.60" departLane="best" from="81414476#1" to="-153959908#15"/>
    <trip id="veh418" type="veh_passenger" depart="1777.86" departLane="best" from="-24733698#1" to="143308532#2"/>
    <trip id="veh420" type="veh_passenger" depart="1786.36" departLane="best" from="-138624469#5" to="-145586617#18"/>
    <trip id="veh421" type="veh_passenger" depart="1790.62" departLane="best" from="141968853#2" to="461093303#2"/>
    <trip id="veh422" type="veh_passenger" depart="1794.87" departLane="best" departSpeed="max" from="-25684148" to="259433179#2"/>
    <trip id="veh423" type="veh_passenger" depart="1799.12" departLane="best" from="143308587#1" to="-52460499#9"/>
    <trip id="veh424" type="veh_passenger" depart="1803.38" departLane="best" from="-153959893#1" to="190083608#0"/>
    <trip id="veh425" type="veh_passenger" depart="1807.63" departLane="best" from="152447118#10" to="292525973"/>
    <trip id="veh426" type="veh_passenger" depart="1811.88" departLane="best" from="145586617#19" to="461093303#1"/>
    <trip id="veh427" type="veh_passenger" depart="1816.14" departLane="best" from="145586617#37" to="38568633#2"/>
    <trip id="veh429" type="veh_passenger" depart="1824.64" departLane="best" from="190083610#0" to="-142575662#2"/>
    <trip id="veh430" type="veh_passenger" depart="1828.90" departLane="best" from="257072321#10" to="206579088"/>
    <trip id="veh431" type="veh_passenger" depart="1833.15" departLane="best" from="152447118#11" to="-143308562#4"/>
    <trip id="veh432" type="veh_passenger" depart="1837.40" departLane="best" from="142575686#3" to="69923171#1"/>
    <trip id="veh433" type="veh_passenger" depart="1841.65" departLane="best" from="-142575682#1" to="-5116489#1"/>
    <trip id="veh434" type="veh_passenger" depart="1845.91" departLane="best" from="259466417#0" to="-190083616"/>
    <trip id="veh435" type="veh_passenger" depart="1850.16" departLane="best" from="257072321#10" to="206579073"/>
    <trip id="veh436" type="veh_passenger" depart="1854.41" departLane="best" from="-412992929#1" to="-142575690#7"/>
    <trip id="veh437" type="veh_passenger" depart="1858.67" departLane="best" departSpeed="max" from="70130312#0" to="-145586617#1"/>
    <trip id="veh439" type="veh_passenger" depart="1867.17" departLane="best" from="71028777#1" to="259433184#4"/>
    <trip id="veh440" type="veh_passenger" depart="1871.43" departLane="best" from="-5116489#9" to="-257072321#10"/>
    <trip id="veh441" type="veh_passenger" depart="1875.68" departLane="best" from="-1157627076" to="142575691#2"/>
    <trip id="veh442" type="veh_passenger" depart="1879.93" departLane="best" from="138624421#27" to="153959913#2"/>
    <trip id="veh443" type="veh_passenger" depart="1884.19" departLane="best" departSpeed="max" from="153947874#0" to="143308590#0"/>
    <trip id="veh444" type="veh_passenger" depart="1888.44" departLane="best" from="-142575690#10" to="153959913#1"/>
    <trip id="veh445" type="veh_passenger" depart="1892.69" departLane="best" from="-138624421#18" to="412992929#0"/>
    <trip id="veh446" type="veh_passenger" depart="1896.95" departLane="best" from="142575692#6" to="5116489#10"/>
    <trip id="veh447" type="veh_passenger" depart="1901.20" departLane="best" from="-157110895#0" to="141968830#4"/>
    <trip id="veh448" type="veh_passenger" depart="1905.45" departLane="best" from="259433182#2" to="5116461"/>
    <trip id="veh449" type="veh_passenger" depart="1909.71" departLane="best" from="-257072322#8" to="1145224897#6"/>
    <trip id="veh450" type="veh_passenger" depart="1913.96" departLane="best" from="145586617#14" to="-52460499#6"/>
    <trip id="veh451" type="veh_passenger" depart="1918.21" departLane="best" from="-259433181#2" to="142575657#5"/>
    <trip id="veh452" type="veh_passenger" depart="1922.47" departLane="best" from="145586617#11" to="138624469#5"/>
    <trip id="veh453" type="veh_passenger" depart="1926.72" departLane="best" departSpeed="max" from="153947874#0" to="206579071"/>
    <trip id="veh455" type="veh_passenger" depart="1935.23" departLane="best" departSpeed="max" from="19791220" to="-145586617#19"/>
    <trip id="veh456" type="veh_passenger" depart="1939.48" departLane="best" from="1116438948#5" to="-142575684#4"/>
    <trip id="veh457" type="veh_passenger" depart="1943.73" departLane="best" from="141968807#1" to="1145224897#6"/>
    <trip id="veh458" type="veh_passenger" depart="1947.99" departLane="best" from="590751236#3" to="-138624421#34"/>
    <trip id="veh459" type="veh_passenger" depart="1952.24" departLane="best" from="52460499#2" to="138624445#12"/>
    <trip id="veh460" type="veh_passenger" depart="1956.49" departLane="best" from="590751236#0" to="320741894#1"/>
    <trip id="veh461" type="veh_passenger" depart="1960.75" departLane="best" from="-142575684#6" to="155586403#1"/>
    <trip id="veh463" type="veh_passenger" depart="1969.25" departLane="best" from="5116489#2" to="-1116438949#1"/>
    <trip id="veh465" type="veh_passenger" depart="1977.76" departLane="best" from="26547171#0" to="138624469#6"/>
    <trip id="veh466" type="veh_passenger" depart="1982.01" departLane="best" from="143308546#1" to="-135777011#2"/>
    <trip id="veh467" type="veh_passenger" depart="1986.27" departLane="best" from="-24733698#1" to="180789857#11"/>
    <trip id="veh468" type="veh_passenger" depart="1990.52" departLane="best" from="-143308521#9" to="143308532#1"/>
    <trip id="veh469" type="veh_passenger" depart="1994.77" departLane="best" from="141968860#1" to="-22956997#8"/>
    <trip id="veh471" type="veh_passenger" depart="2003.28" departLane="best" from="145586617#21" to="46039050#8"/>
    <trip id="veh473" type="veh_passenger" depart="2011.78" departLane="best" from="145586617#19" to="-143308562#1"/>
    <trip id="veh474" type="veh_passenger" depart="2016.04" departLane="best" departSpeed="max" from="-190083608#1" to="-145586617#39"/>
    <trip id="veh475" type="veh_passenger" depart="2020.29" departLane="best" from="152447118#13" to="-138624421#19"/>
    <trip id="veh476" type="veh_passenger" depart="2024.54" departLane="best" departSpeed="max" from="-1185240426#3" to="-257072321#1"/>
    <trip id="veh477" type="veh_passenger" depart="2028.80" departLane="best" from="152447118#10" to="-138624477#2"/>
    <trip id="veh478" type="veh_passenger" depart="2033.05" departLane="best" from="-190083618#1" to="142575689#1"/>
    <trip id="veh479" type="veh_passenger" depart="2037.30" departLane="best" departSpeed="max" from="19791220" to="141968853#3"/>
    <trip id="veh480" type="veh_passenger" depart="2041.56" departLane="best" from="22956997#0" to="142575684#5"/>
    <trip id="veh481" type="veh_passenger" depart="2045.81" departLane="best" from="-142575690#2" to="-142575662#2"/>
    <trip id="veh483" type="veh_passenger" depart="2054.32" departLane="best" from="24214694#1" to="38568632"/>
    <trip id="veh484" type="veh_passenger" depart="2058.57" departLane="best" from="142575659#2" to="141873658#0"/>
    <trip id="veh485" type="veh_passenger" depart="2062.82" departLane="best" from="71028774#0" to="-141968799#7"/>
    <trip id="veh486" type="veh_passenger" depart="2067.08" departLane="best" from="141873658#0" to="-1125710845#0"/>
    <trip id="veh487" type="veh_passenger" depart="2071.33" departLane="best" from="153959908#12" to="142575657#12"/>
    <trip id="veh488" type="veh_passenger" depart="2075.58" departLane="best" from="-81414551#0" to="-142575655#18"/>
    <trip id="veh489" type="veh_passenger" depart="2079.84" departLane="best" from="-142575657#4" to="-145586617#19"/>
    <trip id="veh490" type="veh_passenger" depart="2084.09" departLane="best" from="-141968853#3" to="-25684171"/>
    <trip id="veh491" type="veh_passenger" depart="2088.34" departLane="best" from="145586617#23" to="142575692#2"/>
    <trip id="veh492" type="veh_passenger" depart="2092.60" departLane="best" departSpeed="max" from="-38717601" to="862741107"/>
    <trip id="veh493" type="veh_passenger" depart="2096.85" departLane="best" from="142575679#5" to="138624469#5"/>
    <trip id="veh494" type="veh_passenger" depart="2101.10" departLane="best" from="143308570" to="-142575684#4"/>
    <trip id="veh495" type="veh_passenger" depart="2105.36" departLane="best" from="-153959913#0" to="-318210395"/>
    <trip id="veh496" type="veh_passenger" depart="2109.61" departLane="best" from="145586617#6" to="24733698#0"/>
    <trip id="veh497" type="veh_passenger" depart="2113.86" departLane="best" from="180239847" to="-153959908#12"/>
    <trip id="veh498" type="veh_passenger" depart="2118.12" departLane="best" from="138624421#19" to="-153959908#7"/>
    <trip id="veh499" type="veh_passenger" depart="2122.37" departLane="best" from="-412992929#3" to="138624469#4"/>
    <trip id="veh500" type="veh_passenger" depart="2126.62" departLane="best" from="1116438948#6" to="-142575679#1"/>
    <trip id="veh501" type="veh_passenger" depart="2130.88" departLane="best" from="1145033040#0" to="-153959908#5"/>
    <trip id="veh502" type="veh_passenger" depart="2135.13" departLane="best" from="543074338" to="-145586617#18"/>
    <trip id="veh503" type="veh_passenger" depart="2139.38" departLane="best" from="5116489#4" to="-141968853#5"/>
    <trip id="veh504" type="veh_passenger" depart="2143.64" departLane="best" from="259466417#1" to="-142575673#1"/>
    <trip id="veh505" type="veh_passenger" depart="2147.89" departLane="best" from="-142575682#1" to="-206579063#0"/>
    <trip id="veh507" type="veh_passenger" depart="2156.39" departLane="best" from="143308532#5" to="143308521#5"/>
    <trip id="veh509" type="veh_passenger" depart="2164.90" departLane="best" from="206579058#1" to="38568633#1"/>
    <trip id="veh510" type="veh_passenger" depart="2169.15" departLane="best" from="180239847" to="69923034#0"/>
    <trip id="veh511" type="veh_passenger" depart="2173.41" departLane="best" from="143308546#8" to="-52460499#8"/>
    <trip id="veh512" type="veh_passenger" depart="2177.66" departLane="best" from="-143308521#4" to="153959893#2"/>
    <trip id="veh513" type="veh_passenger" depart="2181.91" departLane="best" departSpeed="max" from="147859763#0" to="-153959908#3"/>
    <trip id="veh514" type="veh_passenger" depart="2186.17" departLane="best" from="-142575690#10" to="318210363#0"/>
    <trip id="veh515" type="veh_passenger" depart="2190.42" departLane="best" from="143308521#0" to="259433184#4"/>
    <trip id="veh517" type="veh_passenger" depart="2198.93" departLane="best" departSpeed="max" from="259433182#0" to="-145586617#23"/>
    <trip id="veh518" type="veh_passenger" depart="2203.18" departLane="best" from="145586617#32" to="138624421#2"/>
    <trip id="veh520" type="veh_passenger" depart="2211.69" departLane="best" from="22956997#3" to="-145586617#9"/>
    <trip id="veh521" type="veh_passenger" depart="2215.94" departLane="best" from="-153959913#0" to="38568633#2"/>
    <trip id="veh522" type="veh_passenger" depart="2220.19" departLane="best" from="-412992929#4" to="-1116438948#7"/>
    <trip id="veh524" type="veh_passenger" depart="2228.70" departLane="best" from="-887919959#5" to="-145586617#1"/>
    <trip id="veh525" type="veh_passenger" depart="2232.95" departLane="best" from="145586617#23" to="138624421#3"/>
    <trip id="veh526" type="veh_passenger" depart="2237.21" departLane="best" departSpeed="max" from="19791220" to="-153959908#12"/>
    <trip id="veh527" type="veh_passenger" depart="2241.46" departLane="best" from="1116438948#9" to="-5116489#6"/>
    <trip id="veh528" type="veh_passenger" depart="2245.71" departLane="best" from="52460499#15" to="190083608#0"/>
    <trip id="veh529" type="veh_passenger" depart="2249.97" departLane="best" from="22917233#1" to="143308532#3"/>
    <trip id="veh530" type="veh_passenger" depart="2254.22" departLane="best" from="-142575658#3" to="-138624477#3"/>
    <trip id="veh531" type="veh_passenger" depart="2258.47" departLane="best" from="153959879#1" to="-24733698#0"/>
    <trip id="veh532" type="veh_passenger" depart="2262.73" departLane="best" from="152447118#3" to="-142575655#3"/>
    <trip id="veh534" type="veh_passenger" depart="2271.23" departLane="best" from="206579063#0" to="142575690#4"/>
    <trip id="veh536" type="veh_passenger" depart="2279.74" departLane="best" from="-153959893#2" to="-142575655#5"/>
    <trip id="veh537" type="veh_passenger" depart="2283.99" departLane="best" departSpeed="max" from="153947874#0" to="138624452#2"/>
    <trip id="veh538" type="veh_passenger" depart="2288.25" departLane="best" from="-81414551#0" to="145586617#11"/>
    <trip id="veh541" type="veh_passenger" depart="2301.01" departLane="best" from="318210365" to="-5116463#0"/>
    <trip id="veh542" type="veh_passenger" depart="2305.26" departLane="best" from="1125710844#2" to="206579073"/>
    <trip id="veh543" type="veh_passenger" depart="2309.51" departLane="best" from="152447118#11" to="-840101796"/>
    <trip id="veh544" type="veh_passenger" depart="2313.76" departLane="best" from="-153959913#1" to="-142575659#1"/>
    <trip id="veh545" type="veh_passenger" depart="2318.02" departLane="best" from="142575655#15" to="-38507369#2"/>
    <trip id="veh546" type="veh_passenger" depart="2322.27" departLane="best" from="-138624445#5" to="135777010#0"/>
    <trip id="veh547" type="veh_passenger" depart="2326.52" departLane="best" from="5116489#3" to="38568630#0"/>
    <trip id="veh548" type="veh_passenger" depart="2330.78" departLane="best" from="143308521#11" to="143308542"/>
    <trip id="veh552" type="veh_passenger" depart="2347.79" departLane="best" from="145586617#10" to="292525973"/>
    <trip id="veh553" type="veh_passenger" depart="2352.04" departLane="best" from="5116489#2" to="-142575659#2"/>
    <trip id="veh555" type="veh_passenger" depart="2360.55" departLane="best" from="143308532#7" to="-142575688#5"/>
    <trip id="veh556" type="veh_passenger" depart="2364.80" departLane="best" from="-412992929#4" to="-5116489#10"/>
    <trip id="veh557" type="veh_passenger" depart="2369.06" departLane="best" from="145586617#6" to="-142575682#1"/>
    <trip id="veh559" type="veh_passenger" depart="2377.56" departLane="best" from="461093303#4" to="-52460499#2"/>
    <trip id="veh560" type="veh_passenger" depart="2381.82" departLane="best" from="-180789857#2" to="283317454"/>
    <trip id="veh561" type="veh_passenger" depart="2386.07" departLane="best" from="259433181#1" to="157110895#2"/>
    <trip id="veh562" type="veh_passenger" depart="2390.32" departLane="best" from="145586617#20" to="-152447118#6"/>
    <trip id="veh563" type="veh_passenger" depart="2394.58" departLane="best" from="143308562#2" to="22917233#1"/>
    <trip id="veh564" type="veh_passenger" depart="2398.83" departLane="best" departSpeed="max" from="147859763#0" to="-145586617#5"/>
    <trip id="veh565" type="veh_passenger" depart="2403.08" departLane="best" from="224769559" to="142575657#7"/>
    <trip id="veh566" type="veh_passenger" depart="2407.34" departLane="best" from="-206579062#3" to="22917233#0"/>
    <trip id="veh567" type="veh_passenger" depart="2411.59" departLane="best" from="138624421#12" to="-5116489#7"/>
    <trip id="veh568" type="veh_passenger" depart="2415.84" departLane="best" from="142575693#3" to="-152447118#0"/>
    <trip id="veh569" type="veh_passenger" depart="2420.10" departLane="best" from="145586617#16" to="38568632"/>
    <trip id="veh570" type="veh_passenger" depart="2424.35" departLane="best" from="141968860#1" to="138624445#10"/>
    <trip id="veh571" type="veh_passenger" depart="2428.60" departLane="best" from="-259433179#1" to="-25684171"/>
    <trip id="veh572" type="veh_passenger" depart="2432.86" departLane="best" from="141968799#13" to="142575673#3"/>
    <trip id="veh573" type="veh_passenger" depart="2437.11" departLane="best" from="283317455#0" to="138624469#2"/>
    <trip id="veh574" type="veh_passenger" depart="2441.36" departLane="best" from="-141968799#14" to="292525973"/>
    <trip id="veh575" type="veh_passenger" depart="2445.62" departLane="best" from="142575655#8" to="38568632"/>
    <trip id="veh576" type="veh_passenger" depart="2449.87" departLane="best" from="326994261#1" to="-145586617#24"/>
    <trip id="veh577" type="veh_passenger" depart="2454.12" departLane="best" from="142575655#5" to="-141968799#14"/>
    <trip id="veh579" type="veh_passenger" depart="2462.63" departLane="best" from="143308532#5" to="138624452#2"/>
    <trip id="veh581" type="veh_passenger" depart="2471.14" departLane="best" from="-38568633#1" to="141968853#2"/>
    <trip id="veh582" type="veh_passenger" depart="2475.39" departLane="best" from="145586617#23" to="141968799#9"/>
    <trip id="veh583" type="veh_passenger" depart="2479.64" departLane="best" from="142575688#2" to="46039050#7"/>
    <trip id="veh584" type="veh_passenger" depart="2483.89" departLane="best" from="-429155576#0" to="180789857#15"/>
    <trip id="veh585" type="veh_passenger" depart="2488.15" departLane="best" from="142575655#17" to="-145586617#37"/>
    <trip id="veh586" type="veh_passenger" depart="2492.40" departLane="best" departSpeed="max" from="-190083608#1" to="138624421#5"/>
    <trip id="veh588" type="veh_passenger" depart="2500.91" departLane="best" from="145586617#31" to="802021414#1"/>
    <trip id="veh589" type="veh_passenger" depart="2505.16" departLane="best" departSpeed="max" from="-25684148" to="-1147088176"/>
    <trip id="veh590" type="veh_passenger" depart="2509.41" departLane="best" from="-412992929#1" to="-145586617#10"/>
    <trip id="veh591" type="veh_passenger" depart="2513.67" departLane="best" departSpeed="max" from="25382187" to="-153959879#2"/>
    <trip id="veh592" type="veh_passenger" depart="2517.92" departLane="best" from="141968853#4" to="-142575679#0"/>
    <trip id="veh593" type="veh_passenger" depart="2522.17" departLane="best" from="-153959893#2" to="-257072321#1"/>
    <trip id="veh594" type="veh_passenger" depart="2526.43" departLane="best" from="-180789857#1" to="-153959908#14"/>
    <trip id="veh595" type="veh_passenger" depart="2530.68" departLane="best" from="461093303#5" to="38717601"/>
    <trip id="veh596" type="veh_passenger" depart="2534.93" departLane="best" from="-38915289#0" to="-143308570"/>
    <trip id="veh597" type="veh_passenger" depart="2539.19" departLane="best" from="145586617#16" to="-52460499#4"/>
    <trip id="veh598" type="veh_passenger" depart="2543.44" departLane="best" from="71028777#1" to="176051612#0"/>
    <trip id="veh599" type="veh_passenger" depart="2547.69" departLane="best" from="-802021414#3" to="145586606"/>
    <trip id="veh600" type="veh_passenger" depart="2551.95" departLane="best" from="52460499#14" to="38717602#0"/>
    <trip id="veh601" type="veh_passenger" depart="2556.20" departLane="best" from="-69923034#0" to="-257072321#12"/>
    <trip id="veh602" type="veh_passenger" depart="2560.45" departLane="best" from="-257072322#7" to="-153959908#9"/>
    <trip id="veh603" type="veh_passenger" depart="2564.71" departLane="best" from="25944426#0" to="-206579063#0"/>
    <trip id="veh604" type="veh_passenger" depart="2568.96" departLane="best" from="153959908#12" to="142575689#1"/>
    <trip id="veh605" type="veh_passenger" depart="2573.21" departLane="best" from="145586617#37" to="135777010#0"/>
    <trip id="veh606" type="veh_passenger" depart="2577.47" departLane="best" from="5116489#6" to="-71028774#1"/>
    <trip id="veh607" type="veh_passenger" depart="2581.72" departLane="best" from="152447118#3" to="-153959908#0"/>
    <trip id="veh608" type="veh_passenger" depart="2585.97" departLane="best" from="142575687#1" to="24733698#2"/>
    <trip id="veh609" type="veh_passenger" depart="2590.23" departLane="best" from="259466417#4" to="-407167843#1"/>
    <trip id="veh610" type="veh_passenger" depart="2594.48" departLane="best" from="-138624445#11" to="-5116489#2"/>
    <trip id="veh611" type="veh_passenger" depart="2598.73" departLane="best" departSpeed="max" from="206579067" to="-143308562#2"/>
    <trip id="veh612" type="veh_passenger" depart="2602.99" departLane="best" from="-69923034#0" to="-145586617#25"/>
    <trip id="veh613" type="veh_passenger" depart="2607.24" departLane="best" from="259466417#0" to="24733698#2"/>
    <trip id="veh614" type="veh_passenger" depart="2611.49" departLane="best" from="257072321#3" to="-145586617#28"/>
    <trip id="veh616" type="veh_passenger" depart="2620.00" departLane="best" from="135777010#0" to="-257072321#10"/>
    <trip id="veh617" type="veh_passenger" depart="2624.25" departLane="best" from="206579057" to="138624452#1"/>
    <trip id="veh618" type="veh_passenger" depart="2628.51" departLane="best" from="142575684#6" to="38568633#2"/>
    <trip id="veh619" type="veh_passenger" depart="2632.76" departLane="best" from="257072321#3" to="141968810#0"/>
    <trip id="veh621" type="veh_passenger" depart="2641.26" departLane="best" from="138624445#0" to="-257072321#0"/>
    <trip id="veh622" type="veh_passenger" depart="2645.52" departLane="best" from="71028777#0" to="259466417#4"/>
    <trip id="veh623" type="veh_passenger" depart="2649.77" departLane="best" from="-25684295#4" to="-145586617#1"/>
    <trip id="veh624" type="veh_passenger" depart="2654.02" departLane="best" departSpeed="max" from="-190083608#1" to="-152447118#6"/>
    <trip id="veh625" type="veh_passenger" depart="2658.28" departLane="best" from="38507369#2" to="142575698"/>
    <trip id="veh626" type="veh_passenger" depart="2662.53" departLane="best" from="142575688#0" to="326994261#1"/>
    <trip id="veh627" type="veh_passenger" depart="2666.78" departLane="best" departSpeed="max" from="206579067" to="-24733698#0"/>
    <trip id="veh628" type="veh_passenger" depart="2671.04" departLane="best" from="461093303#3" to="-145586617#12"/>
    <trip id="veh630" type="veh_passenger" depart="2679.54" departLane="best" from="-157110895#1" to="138624469#10"/>
    <trip id="veh631" type="veh_passenger" depart="2683.80" departLane="best" from="-5116463#0" to="-138624421#21"/>
    <trip id="veh632" type="veh_passenger" depart="2688.05" departLane="best" from="141968799#0" to="-142575659#3"/>
    <trip id="veh633" type="veh_passenger" depart="2692.30" departLane="best" from="-180789857#10" to="318210393#2"/>
    <trip id="veh634" type="veh_passenger" depart="2696.56" departLane="best" from="-590751236#0" to="-138624421#24"/>
    <trip id="veh636" type="veh_passenger" depart="2705.06" departLane="best" from="145586617#5" to="-257072321#11"/>
    <trip id="veh637" type="veh_passenger" depart="2709.32" departLane="best" from="145586617#12" to="-257072321#2"/>
    <trip id="veh638" type="veh_passenger" depart="2713.57" departLane="best" from="145586617#13" to="177839808"/>
    <trip id="veh639" type="veh_passenger" depart="2717.82" departLane="best" from="138624421#10" to="-1116438948#5"/>
    <trip id="veh640" type="veh_passenger" depart="2722.08" departLane="best" from="-142575657#12" to="-190083616"/>
    <trip id="veh641" type="veh_passenger" depart="2726.33" departLane="best" from="259466417#3" to="142575693#4"/>
    <trip id="veh642" type="veh_passenger" depart="2730.58" departLane="best" from="-180789857#2" to="142575689#2"/>
    <trip id="veh643" type="veh_passenger" depart="2734.84" departLane="best" from="-142575690#7" to="-257072321#6"/>
    <trip id="veh644" type="veh_passenger" depart="2739.09" departLane="best" from="-257072322#6" to="138624469#2"/>
    <trip id="veh645" type="veh_passenger" depart="2743.34" departLane="best" from="1116438948#9" to="-257072321#7"/>
    <trip id="veh646" type="veh_passenger" depart="2747.60" departLane="best" from="138624421#32" to="-142575689#2"/>
    <trip id="veh647" type="veh_passenger" depart="2751.85" departLane="best" from="461093303#3" to="145586606"/>
    <trip id="veh648" type="veh_passenger" depart="2756.10" departLane="best" departSpeed="max" from="-1185240426#3" to="142575685#2"/>
    <trip id="veh649" type="veh_passenger" depart="2760.36" departLane="best" from="-180789857#3" to="-145586617#1"/>
    <trip id="veh651" type="veh_passenger" depart="2768.86" departLane="best" from="152447118#7" to="-142575658#3"/>
    <trip id="veh652" type="veh_passenger" depart="2773.12" departLane="best" from="-802021414#1" to="-141968853#6"/>
    <trip id="veh653" type="veh_passenger" depart="2777.37" departLane="best" from="142575662#7" to="142575673#3"/>
    <trip id="veh654" type="veh_passenger" depart="2781.62" departLane="best" departSpeed="max" from="83708562" to="142575698"/>
    <trip id="veh655" type="veh_passenger" depart="2785.88" departLane="best" from="746625193#2" to="141968810#1"/>
    <trip id="veh656" type="veh_passenger" depart="2790.13" departLane="best" from="145586617#25" to="-81414521#1"/>
    <trip id="veh657" type="veh_passenger" depart="2794.38" departLane="best" departSpeed="max" from="25382187" to="-5116489#9"/>
    <trip id="veh658" type="veh_passenger" depart="2798.63" departLane="best" from="-190083610#0" to="-145586617#39"/>
    <trip id="veh659" type="veh_passenger" depart="2802.89" departLane="best" from="206579073" to="206579058#1"/>
    <trip id="veh660" type="veh_passenger" depart="2807.14" departLane="best" departSpeed="max" from="-38717602#4" to="138624452#1"/>
    <trip id="veh661" type="veh_passenger" depart="2811.39" departLane="best" from="-142575689#0" to="259466417#1"/>
    <trip id="veh662" type="veh_passenger" depart="2815.65" departLane="best" from="152447118#11" to="25684148"/>
    <trip id="veh663" type="veh_passenger" depart="2819.90" departLane="best" from="138624445#14" to="175934374#2"/>
    <trip id="veh664" type="veh_passenger" depart="2824.15" departLane="best" from="145586617#21" to="25944426#1"/>
    <trip id="veh665" type="veh_passenger" depart="2828.41" departLane="best" from="141968830#4" to="24733698#2"/>
    <trip id="veh666" type="veh_passenger" depart="2832.66" departLane="best" from="138624421#33" to="-259433179#2"/>
    <trip id="veh667" type="veh_passenger" depart="2836.91" departLane="best" from="-138624445#4" to="52081116#5"/>
    <trip id="veh668" type="veh_passenger" depart="2841.17" departLane="best" from="142575657#8" to="81414551#1"/>
    <trip id="veh669" type="veh_passenger" depart="2845.42" departLane="best" from="142575688#2" to="-190083610#1"/>
    <trip id="veh670" type="veh_passenger" depart="2849.67" departLane="best" from="206579062#0" to="-152447118#13"/>
    <trip id="veh671" type="veh_passenger" depart="2853.93" departLane="best" from="-5116489#12" to="25684148"/>
    <trip id="veh672" type="veh_passenger" depart="2858.18" departLane="best" from="320741895#0" to="-5116489#1"/>
    <trip id="veh674" type="veh_passenger" depart="2866.69" departLane="best" from="412992935#2" to="206579071"/>
    <trip id="veh676" type="veh_passenger" depart="2875.19" departLane="best" from="746625193#2" to="142575658#3"/>
    <trip id="veh677" type="veh_passenger" depart="2879.45" departLane="best" from="141968853#4" to="-5116489#7"/>
    <trip id="veh679" type="veh_passenger" depart="2887.95" departLane="best" from="-180789857#2" to="142575657#11"/>
    <trip id="veh680" type="veh_passenger" depart="2892.21" departLane="best" from="143308562#2" to="26547172#0"/>
    <trip id="veh681" type="veh_passenger" depart="2896.46" departLane="best" from="-142575689#0" to="-412992935#3"/>
    <trip id="veh682" type="veh_passenger" depart="2900.71" departLane="best" from="-142575657#3" to="-153959908#17"/>
    <trip id="veh683" type="veh_passenger" depart="2904.97" departLane="best" from="259433184#3" to="-145586617#14"/>
    <trip id="veh684" type="veh_passenger" depart="2909.22" departLane="best" from="1130887422#4" to="157110895#3"/>
    <trip id="veh685" type="veh_passenger" depart="2913.47" departLane="best" from="5116463#2" to="-138624445#4"/>
    <trip id="veh687" type="veh_passenger" depart="2921.98" departLane="best" from="887919959#4" to="-25684171"/>
    <trip id="veh688" type="veh_passenger" depart="2926.23" departLane="best" from="-81414551#1" to="-52460499#9"/>
    <trip id="veh689" type="veh_passenger" depart="2930.49" departLane="best" from="142575655#5" to="-152447118#12"/>
    <trip id="veh691" type="veh_passenger" depart="2938.99" departLane="best" departSpeed="max" from="153959895#0" to="53385386#5"/>
    <trip id="veh692" type="veh_passenger" depart="2943.25" departLane="best" from="-141968853#6" to="25684148"/>
    <trip id="veh693" type="veh_passenger" depart="2947.50" departLane="best" from="-5116489#9" to="-1042768910"/>
    <trip id="veh694" type="veh_passenger" depart="2951.75" departLane="best" from="142575693#5" to="-145586617#17"/>
    <trip id="veh695" type="veh_passenger" depart="2956.00" departLane="best" from="-153959893#2" to="53385386#1"/>
    <trip id="veh696" type="veh_passenger" depart="2960.26" departLane="best" from="-52460499#5" to="-22956997#3"/>
    <trip id="veh697" type="veh_passenger" depart="2964.51" departLane="best" from="-81414551#2" to="153959893#1"/>
    <trip id="veh698" type="veh_passenger" depart="2968.76" departLane="best" departSpeed="max" from="-190083608#1" to="142575690#4"/>
    <trip id="veh699" type="veh_passenger" depart="2973.02" departLane="best" departSpeed="max" from="190083616" to="-142575659#0"/>
    <trip id="veh701" type="veh_passenger" depart="2981.52" departLane="best" departSpeed="max" from="-22721673#1" to="-206579060#1"/>
    <trip id="veh702" type="veh_passenger" depart="2985.78" departLane="best" from="135777011#1" to="868347084"/>
    <trip id="veh703" type="veh_passenger" depart="2990.03" departLane="best" departSpeed="max" from="-25684148" to="5116489#11"/>
    <trip id="veh704" type="veh_passenger" depart="2994.28" departLane="best" from="141968823#1" to="-143308521#0"/>
    <trip id="veh705" type="veh_passenger" depart="2998.54" departLane="best" from="313964778#2" to="138624469#2"/>
    <trip id="veh706" type="veh_passenger" depart="3002.79" departLane="best" from="143308532#2" to="138624445#17"/>
    <trip id="veh707" type="veh_passenger" depart="3007.04" departLane="best" from="-142575659#2" to="155586403#1"/>
    <trip id="veh709" type="veh_passenger" depart="3015.55" departLane="best" from="-461093303#3" to="-141968853#1"/>
    <trip id="veh710" type="veh_passenger" depart="3019.80" departLane="best" from="142575688#1" to="-429155576#1"/>
    <trip id="veh711" type="veh_passenger" depart="3024.06" departLane="best" from="5116489#9" to="-152447118#12"/>
    <trip id="veh712" type="veh_passenger" depart="3028.31" departLane="best" departSpeed="max" from="25382187" to="-142575679#2"/>
    <trip id="veh713" type="veh_passenger" depart="3032.56" departLane="best" from="-143308521#12" to="-153947874#1"/>
    <trip id="veh714" type="veh_passenger" depart="3036.82" departLane="best" from="145586617#13" to="-257072321#10"/>
    <trip id="veh715" type="veh_passenger" depart="3041.07" departLane="best" from="-138624421#2" to="142575693#9"/>
    <trip id="veh716" type="veh_passenger" depart="3045.32" departLane="best" from="52460499#13" to="-259433184#2"/>
    <trip id="veh717" type="veh_passenger" depart="3049.58" departLane="best" from="142575690#6" to="-145586617#22"/>
    <trip id="veh718" type="veh_passenger" depart="3053.83" departLane="best" from="-142575658#5" to="38568633#2"/>
    <trip id="veh719" type="veh_passenger" depart="3058.08" departLane="best" from="318210400#0" to="180789857#7"/>
    <trip id="veh720" type="veh_passenger" depart="3062.34" departLane="best" from="142575662#7" to="24733698#0"/>
    <trip id="veh721" type="veh_passenger" depart="3066.59" departLane="best" from="259433182#2" to="142575655#18"/>
    <trip id="veh722" type="veh_passenger" depart="3070.84" departLane="best" from="746625192" to="-152447118#8"/>
    <trip id="veh723" type="veh_passenger" depart="3075.10" departLane="best" from="138624421#15" to="155586403#1"/>
    <trip id="veh724" type="veh_passenger" depart="3079.35" departLane="best" from="429155576#1" to="38717602#4"/>
    <trip id="veh725" type="veh_passenger" depart="3083.60" departLane="best" from="152447118#4" to="670062902#2"/>
    <trip id="veh727" type="veh_passenger" depart="3092.11" departLane="best" from="141968799#12" to="143308521#11"/>
    <trip id="veh728" type="veh_passenger" depart="3096.36" departLane="best" departSpeed="max" from="-38717601" to="224769559"/>
    <trip id="veh729" type="veh_passenger" depart="3100.62" departLane="best" from="46039050#3" to="318210363#0"/>
    <trip id="veh730" type="veh_passenger" depart="3104.87" departLane="best" departSpeed="max" from="-190083608#1" to="-152447118#0"/>
    <trip id="veh731" type="veh_passenger" depart="3109.12" departLane="best" from="-259433179#1" to="142575691#0"/>
    <trip id="veh732" type="veh_passenger" depart="3113.37" departLane="best" from="142575655#10" to="-145586617#31"/>
    <trip id="veh733" type="veh_passenger" depart="3117.63" departLane="best" from="52460499#8" to="-145586617#19"/>
    <trip id="veh734" type="veh_passenger" depart="3121.88" departLane="best" from="152447118#1" to="190083608#0"/>
    <trip id="veh736" type="veh_passenger" depart="3130.39" departLane="best" from="142575693#2" to="283317453#1"/>
    <trip id="veh737" type="veh_passenger" depart="3134.64" departLane="best" from="-138624421#25" to="138624452#2"/>
    <trip id="veh738" type="veh_passenger" depart="3138.89" departLane="best" from="145586617#31" to="143308546#7"/>
    <trip id="veh739" type="veh_passenger" depart="3143.15" departLane="best" from="145586617#6" to="24214694#1"/>
    <trip id="veh740" type="veh_passenger" depart="3147.40" departLane="best" from="141968853#5" to="-145586617#37"/>
    <trip id="veh741" type="veh_passenger" depart="3151.65" departLane="best" from="-25684295#2" to="53385386#5"/>
    <trip id="veh742" type="veh_passenger" depart="3155.91" departLane="best" from="141968799#13" to="259433184#4"/>
    <trip id="veh743" type="veh_passenger" depart="3160.16" departLane="best" from="153959908#0" to="-283317455#1"/>
    <trip id="veh744" type="veh_passenger" depart="3164.41" departLane="best" from="142575655#18" to="-141968799#6"/>
    <trip id="veh746" type="veh_passenger" depart="3172.92" departLane="best" from="-320741893" to="180789857#5"/>
    <trip id="veh747" type="veh_passenger" depart="3177.17" departLane="best" from="190083610#1" to="-38507369#1"/>
    <trip id="veh748" type="veh_passenger" depart="3181.43" departLane="best" from="-802021414#4" to="143308562#2"/>
    <trip id="veh749" type="veh_passenger" depart="3185.68" departLane="best" from="52460499#2" to="143308521#5"/>
    <trip id="veh750" type="veh_passenger" depart="3189.93" departLane="best" departSpeed="max" from="-38568632" to="-141968799#7"/>
    <trip id="veh751" type="veh_passenger" depart="3194.19" departLane="best" from="22956997#3" to="180789857#5"/>
    <trip id="veh752" type="veh_passenger" depart="3198.44" departLane="best" from="-142575682#1" to="257072322#4"/>
    <trip id="veh753" type="veh_passenger" depart="3202.69" departLane="best" from="71028777#3" to="-145586617#24"/>
    <trip id="veh754" type="veh_passenger" depart="3206.95" departLane="best" departSpeed="max" from="-190083608#1" to="38568632"/>
    <trip id="veh755" type="veh_passenger" depart="3211.20" departLane="best" from="-145586617#33" to="-5116463#0"/>
    <trip id="veh756" type="veh_passenger" depart="3215.45" departLane="best" departSpeed="max" from="206579067" to="-142575659#0"/>
    <trip id="veh757" type="veh_passenger" depart="3219.71" departLane="best" from="-142575657#7" to="142575659#0"/>
    <trip id="veh758" type="veh_passenger" depart="3223.96" departLane="best" departSpeed="max" from="-259433184#4" to="-138624421#12"/>
    <trip id="veh760" type="veh_passenger" depart="3232.47" departLane="best" from="71028777#1" to="-153959908#12"/>
    <trip id="veh761" type="veh_passenger" depart="3236.72" departLane="best" from="5116489#1" to="-138624469#11"/>
    <trip id="veh762" type="veh_passenger" depart="3240.97" departLane="best" from="141968830#4" to="38915289#5"/>
    <trip id="veh763" type="veh_passenger" depart="3245.23" departLane="best" departSpeed="max" from="147859763#0" to="141968814#0"/>
    <trip id="veh764" type="veh_passenger" depart="3249.48" departLane="best" from="142575685#3" to="318210365"/>
    <trip id="veh766" type="veh_passenger" depart="3257.99" departLane="best" from="-180789857#2" to="-22956997#5"/>
    <trip id="veh767" type="veh_passenger" depart="3262.24" departLane="best" from="-5116489#9" to="-1125710844#4"/>
    <trip id="veh768" type="veh_passenger" depart="3266.49" departLane="best" from="142575693#9" to="-152447118#4"/>
    <trip id="veh769" type="veh_passenger" depart="3270.74" departLane="best" from="142575655#15" to="-22956997#7"/>
    <trip id="veh770" type="veh_passenger" depart="3275.00" departLane="best" departSpeed="max" from="-24733698#2" to="81414551#1"/>
    <trip id="veh771" type="veh_passenger" depart="3279.25" departLane="best" departSpeed="max" from="153959895#0" to="142575691#0"/>
    <trip id="veh772" type="veh_passenger" depart="3283.50" departLane="best" from="-802021414#3" to="-1116438948#7"/>
    <trip id="veh773" type="veh_passenger" depart="3287.76" departLane="best" departSpeed="max" from="25382187" to="-5116489#4"/>
    <trip id="veh774" type="veh_passenger" depart="3292.01" departLane="best" from="52460499#2" to="22721673#1"/>
    <trip id="veh775" type="veh_passenger" depart="3296.26" departLane="best" from="153959908#14" to="-142575679#2"/>
    <trip id="veh776" type="veh_passenger" depart="3300.52" departLane="best" from="141873658#1" to="138624452#2"/>
    <trip id="veh777" type="veh_passenger" depart="3304.77" departLane="best" from="-145586617#12" to="-5116489#10"/>
    <trip id="veh778" type="veh_passenger" depart="3309.02" departLane="best" from="143308587#1" to="142575685#2"/>
    <trip id="veh779" type="veh_passenger" depart="3313.28" departLane="best" departSpeed="max" from="-38717601" to="145586617#22"/>
    <trip id="veh780" type="veh_passenger" depart="3317.53" departLane="best" from="145586617#36" to="840101796"/>
    <trip id="veh781" type="veh_passenger" depart="3321.78" departLane="best" from="-38915289#6" to="283317453#3"/>
    <trip id="veh782" type="veh_passenger" depart="3326.04" departLane="best" from="142575684#3" to="180239858#0"/>
    <trip id="veh783" type="veh_passenger" depart="3330.29" departLane="best" from="52460499#12" to="153959913#2"/>
    <trip id="veh784" type="veh_passenger" depart="3334.54" departLane="best" from="-81414551#1" to="143308587#1"/>
    <trip id="veh785" type="veh_passenger" depart="3338.80" departLane="best" from="25684171" to="190083608#1"/>
    <trip id="veh786" type="veh_passenger" depart="3343.05" departLane="best" from="153959908#14" to="-138624421#21"/>
    <trip id="veh787" type="veh_passenger" depart="3347.30" departLane="best" from="-138624469#5" to="670062902#3"/>
    <trip id="veh788" type="veh_passenger" depart="3351.56" departLane="best" from="24214694#1" to="24733698#2"/>
    <trip id="veh789" type="veh_passenger" depart="3355.81" departLane="best" from="143308521#2" to="190083608#0"/>
    <trip id="veh790" type="veh_passenger" depart="3360.06" departLane="best" from="143308532#2" to="-145586617#35"/>
    <trip id="veh791" type="veh_passenger" depart="3364.32" departLane="best" from="145586617#2" to="145586617#28"/>
    <trip id="veh792" type="veh_passenger" depart="3368.57" departLane="best" from="26547172#0" to="-145586617#13"/>
    <trip id="veh793" type="veh_passenger" depart="3372.82" departLane="best" departSpeed="max" from="153959895#0" to="-138624421#32"/>
    <trip id="veh794" type="veh_passenger" depart="3377.08" departLane="best" from="578659322#0" to="142575689#1"/>
    <trip id="veh795" type="veh_passenger" depart="3381.33" departLane="best" from="145586617#24" to="16942869"/>
    <trip id="veh796" type="veh_passenger" depart="3385.58" departLane="best" departSpeed="max" from="1116438948#0" to="24733698#2"/>
    <trip id="veh797" type="veh_passenger" depart="3389.84" departLane="best" from="5116489#2" to="38717601"/>
    <trip id="veh798" type="veh_passenger" depart="3394.09" departLane="best" departSpeed="max" from="190083616" to="-141968830#0"/>
    <trip id="veh799" type="veh_passenger" depart="3398.34" departLane="best" from="145586617#13" to="-153959879#0"/>
    <trip id="veh800" type="veh_passenger" depart="3402.60" departLane="best" from="152447118#1" to="-5116463#2"/>
    <trip id="veh801" type="veh_passenger" depart="3406.85" departLane="best" from="206579073" to="190083608#0"/>
    <trip id="veh802" type="veh_passenger" depart="3411.10" departLane="best" from="145586617#32" to="-172014854#1"/>
    <trip id="veh804" type="veh_passenger" depart="3419.61" departLane="best" from="-190083608#0" to="143308521#10"/>
    <trip id="veh805" type="veh_passenger" depart="3423.86" departLane="best" from="-157110895#3" to="-71028774#1"/>
    <trip id="veh806" type="veh_passenger" depart="3428.11" departLane="best" from="-153959908#5" to="177839808"/>
    <trip id="veh807" type="veh_passenger" depart="3432.37" departLane="best" from="-38568630#2" to="52460499#15"/>
    <trip id="veh809" type="veh_passenger" depart="3440.87" departLane="best" from="153959893#0" to="81414551#2"/>
    <trip id="veh810" type="veh_passenger" depart="3445.13" departLane="best" from="-81414551#1" to="26547171#2"/>
    <trip id="veh811" type="veh_passenger" depart="3449.38" departLane="best" from="670062902#2" to="259433184#4"/>
    <trip id="veh812" type="veh_passenger" depart="3453.63" departLane="best" from="-25684295#2" to="-257072321#3"/>
    <trip id="veh813" type="veh_passenger" depart="3457.89" departLane="best" from="175934374#1" to="-52460499#11"/>
    <trip id="veh815" type="veh_passenger" depart="3466.39" departLane="best" from="141873658#0" to="-153947874#1"/>
    <trip id="veh816" type="veh_passenger" depart="3470.65" departLane="best" from="142575686#2" to="52081116#5"/>
    <trip id="veh819" type="veh_passenger" depart="3483.41" departLane="best" from="-180789857#3" to="-153959908#9"/>
    <trip id="veh820" type="veh_passenger" depart="3487.66" departLane="best" from="-142575682#1" to="-152447118#13"/>
    <trip id="veh822" type="veh_passenger" depart="3496.17" departLane="best" from="176051612#0" to="-142575684#7"/>
    <trip id="veh823" type="veh_passenger" depart="3500.42" departLane="best" from="206579073" to="-1116438948#5"/>
    <trip id="veh824" type="veh_passenger" depart="3504.67" departLane="best" from="-142575690#3" to="52081116#1"/>
    <trip id="veh825" type="veh_passenger" depart="3508.93" departLane="best" departSpeed="max" from="1116438948#0" to="52081116#7"/>
    <trip id="veh826" type="veh_passenger" depart="3513.18" departLane="best" from="-38568633#2" to="141968853#5"/>
    <trip id="veh827" type="veh_passenger" depart="3517.43" departLane="best" from="153959908#14" to="670062902#0"/>
    <trip id="veh828" type="veh_passenger" depart="3521.69" departLane="best" from="-38568633#0" to="-153959879#1"/>
    <trip id="veh829" type="veh_passenger" depart="3525.94" departLane="best" from="46150483#1" to="-142575662#1"/>
    <trip id="veh830" type="veh_passenger" depart="3530.19" departLane="best" from="143308521#0" to="142575691#2"/>
    <trip id="veh831" type="veh_passenger" depart="3534.45" departLane="best" from="-180789857#0" to="52081116#7"/>
    <trip id="veh832" type="veh_passenger" depart="3538.70" departLane="best" from="5116463#2" to="-145586617#4"/>
    <trip id="veh833" type="veh_passenger" depart="3542.95" departLane="best" from="38915289#4" to="-145586617#4"/>
    <trip id="veh834" type="veh_passenger" depart="3547.21" departLane="best" from="5116489#2" to="887919959#3"/>
    <trip id="veh835" type="veh_passenger" depart="3551.46" departLane="best" from="-81414551#2" to="142575658#1"/>
    <trip id="veh836" type="veh_passenger" depart="3555.71" departLane="best" from="52460499#12" to="590751236#0"/>
    <trip id="veh837" type="veh_passenger" depart="3559.97" departLane="best" from="5116489#8" to="38717602#4"/>
    <trip id="veh838" type="veh_passenger" depart="3564.22" departLane="best" departSpeed="max" from="-25684148" to="81414551#1"/>
    <trip id="veh839" type="veh_passenger" depart="3568.47" departLane="best" from="142575688#3" to="142575657#7"/>
    <trip id="veh840" type="veh_passenger" depart="3572.73" departLane="best" from="52460499#15" to="318210393#2"/>
    <trip id="veh841" type="veh_passenger" depart="3576.98" departLane="best" from="138624445#5" to="-152447118#3"/>
    <trip id="veh842" type="veh_passenger" depart="3581.23" departLane="best" from="-142575690#9" to="-145586617#25"/>
    <trip id="veh843" type="veh_passenger" depart="3585.49" departLane="best" from="-138624421#5" to="-190083616"/>
    <trip id="veh844" type="veh_passenger" depart="3589.74" departLane="best" from="152447118#8" to="-206579062#0"/>
    <trip id="veh845" type="veh_passenger" depart="3593.99" departLane="best" departSpeed="max" from="25382187" to="143308532#4"/>
    <trip id="veh846" type="veh_passenger" depart="3598.24" departLane="best" from="206579064#0" to="-145586617#4"/>
</routes>
