<?xml version="1.0" encoding="UTF-8"?>

<!-- generated on 2024-04-30 09:37:55 by Eclipse SUMO netconvert Version v1_19_0+1992-c019d82ec68
<configuration xmlns:xsi="http://www.w3.org/2001/XMLSchema-instance" xsi:noNamespaceSchemaLocation="http://sumo.dlr.de/xsd/netconvertConfiguration.xsd">

    <input>
        <type-files value="${SUMO_HOME}/data/typemap/osmNetconvert.typ.xml,${SUMO_HOME}/data/typemap/osmNetconvertUrbanDe.typ.xml,${SUMO_HOME}/data/typemap/osmNetconvertPedestrians.typ.xml,${SUMO_HOME}/data/typemap/osmNetconvertAerialway.typ.xml"/>
        <osm-files value="osm_bbox.osm.xml.gz"/>
    </input>

    <output>
        <output-file value="osm.net.xml.gz"/>
        <output.street-names value="true"/>
        <output.original-names value="true"/>
        <ptstop-output value="osm_stops.add.xml"/>
        <ptline-output value="osm_ptlines.xml"/>
    </output>

    <projection>
        <proj.utm value="true"/>
    </projection>

    <processing>
        <geometry.remove value="true"/>
        <roundabouts.guess value="true"/>
    </processing>

    <tls_building>
        <tls.discard-simple value="true"/>
        <tls.join value="true"/>
        <tls.guess-signals value="true"/>
        <tls.default-type value="actuated"/>
    </tls_building>

    <ramp_guessing>
        <ramps.guess value="true"/>
    </ramp_guessing>

    <junctions>
        <junctions.join value="true"/>
        <junctions.corner-detail value="5"/>
    </junctions>

    <pedestrian>
        <crossings.guess value="true"/>
    </pedestrian>

    <railway>
        <railway.topology.repair value="true"/>
    </railway>

    <formats>
        <osm.sidewalks value="true"/>
    </formats>

</configuration>
-->

<ptLines xmlns:xsi="http://www.w3.org/2001/XMLSchema-instance" xsi:noNamespaceSchemaLocation="http://sumo.dlr.de/xsd/ptlines_file.xsd">
    <ptLine id="1119047" name="Bus 160: S Schöneweide =&gt; Altglienicke, Siriusstraße" line="160" type="bus" vClass="bus" completeness="0.15" missingBefore="8" missingAfter="21">
        <route edges="70130312#0 746625192 141968860#1 746625193#0 746625193#1 746625193#2 407167843#0 407167843#1 141968799#0 141968799#1 141968799#2 141968799#3 141968799#4 141968799#5 141968799#6 141968799#7 141968799#8 141968799#9 141968799#10 141968799#11 141968799#12 141968799#13 141968799#14 141968830#0 141968830#3 141968830#4 141968810#0 141968810#1 141968823#0 141968823#1 141968853#0 141968853#1 141968853#2 141968853#3 141968853#4 141968853#5 141968853#6 46150483#0 46150483#1 206579057 206579058#1 46039050#1 46039050#2 46039050#3 46039050#4 46039050#5 46039050#6 46039050#7 46039050#8 143308587#1 24214694#0 24214694#1 24214694#2 24214694#3 190083618#0 -283317455#1 -143308570 -318210395 -190083616"/>
        <busStop id="837697620" name="Stubenrauchstraße/Springbornstraße"/>
        <busStop id="837697182" name="Johannes-Sasse-Ring"/>
        <busStop id="837696912" name="Straße am Flugplatz"/>
        <busStop id="837696524" name="James-Franck-Straße"/>
        <busStop id="1560223236" name="Rudower Chaussee/Wegedornstraße"/>
    </ptLine>
    <ptLine id="1200744" name="Bus 172: S Lichtenrade/Blohmstraße =&gt; U Rudow" line="172" type="bus" vClass="bus" completeness="0.09" missingBefore="36" missingAfter="5">
        <route edges="-22721673#1 -145586617#39 -145586617#37 -145586617#36 -145586617#35 -145586617#33 -145586617#31 -145586617#30 -145586617#28 -145586617#27 -145586617#26 -145586617#25 -145586617#24 -145586617#23 -145586617#22 -145586617#21 -145586617#20 -145586617#19 -145586617#18 -145586617#17 -145586617#16 -145586617#14 -145586617#13 -145586617#12 -145586617#11 -145586617#10 -145586617#9 -145586617#7 -145586617#6 -145586617#5 -145586617#4 -145586617#2 -145586617#1"/>
        <busStop id="-664609197" name="Massantebrücke"/>
        <busStop id="-664609199" name="Kanalstraße 38-41"/>
        <busStop id="-664609203" name="Mistelweg"/>
        <busStop id="-664609166" name="Hafenstraße"/>
    </ptLine>
    <ptLine id="1201388" name="Bus 172: U Rudow =&gt; S Lichtenrade/Blohmstraße" line="172" type="bus" vClass="bus" completeness="0.09" missingBefore="6" missingAfter="35">
        <route edges="145586617#0 145586617#2 145586617#4 145586617#5 145586617#6 145586617#7 145586617#9 145586617#10 145586617#11 145586617#12 145586617#13 145586617#14 145586617#16 145586617#17 145586617#18 145586617#19 145586617#20 145586617#21 145586617#22 145586617#23 145586617#24 145586617#25 145586617#26 145586617#27 145586617#28 145586617#30 145586617#31 145586617#32 145586617#35 145586617#36 145586617#37 145586617#38 22721673#1"/>
        <busStop id="664609167" name="Hafenstraße"/>
        <busStop id="664609202" name="Mistelweg"/>
        <busStop id="664609200" name="Kanalstraße 38-41"/>
        <busStop id="664609198" name="Massantebrücke"/>
    </ptLine>
    <ptLine id="1226998" name="Bus 162: S Adlershof =&gt; U Rudow" line="162" type="bus" vClass="bus" completeness="0.18" missingBefore="2" missingAfter="7">
        <route edges="143308546#0 143308546#1 143308546#3 143308546#7 143308546#8 670062902#0 670062902#1 670062902#2 670062902#3 143308587#1 24214694#0 24214694#1 24214694#2 24214694#3 190083618#0 -283317455#1 -143308570 -318210395 -190083616"/>
        <busStop id="301331956" name="Magnusstraße"/>
        <busStop id="1560223236" name="Rudower Chaussee/Wegedornstraße"/>
    </ptLine>
    <ptLine id="1227007" name="Bus 162: U Rudow =&gt; S Adlershof" line="162" type="bus" vClass="bus" completeness="0.20" missingBefore="7" missingAfter="1">
        <route edges="190083616 318210395 143308570 283317455#0 -190083618#1 -24214694#3 -24214694#2 -24214694#1 -24214694#0 143308590#0 1145224897#1 1145224897#2 1145224897#3 1145224897#4 1145224897#6 143308542"/>
        <busStop id="464396487" name="Rudower Chaussee/Wegedornstraße"/>
        <busStop id="306982602" name="Magnusstraße"/>
    </ptLine>
    <ptLine id="1227012" name="Bus 163: S Schöneweide =&gt; Flughafen BER - Terminal 5" line="163" type="bus" vClass="bus" color="149,39,110" completeness="0.16" missingBefore="5" missingAfter="21">
        <route edges="206579067 206579072#0 141968860#1 746625193#0 746625193#1 746625193#2 407167843#0 407167843#1 141968799#0 141968799#1 141968799#2 141968799#3 141968799#4 141968799#5 141968799#6 141968799#7 141968799#8 141968799#9 141968799#10 141968799#11 141968799#12 141968799#13 141968799#14 141968830#0 141968830#3 141968830#4 141968810#0 141968810#1 141968823#0 141968823#1 141968853#0 141968853#1 141968853#2 141968853#3 141968853#4 141968853#5 141968853#6 46150483#0 46150483#1 206579057 206579058#1 46039050#1 46039050#2 46039050#3 46039050#4 46039050#5 46039050#6 46039050#7 46039050#8 1145224897#1 1145224897#2 1145224897#3 1145224897#4 1145224897#6 143308542"/>
        <busStop id="837697182" name="Johannes-Sasse-Ring"/>
        <busStop id="837696912" name="Straße am Flugplatz"/>
        <busStop id="837696524" name="James-Franck-Straße"/>
        <busStop id="464396487" name="Rudower Chaussee/Wegedornstraße"/>
        <busStop id="306982602" name="Magnusstraße"/>
    </ptLine>
    <ptLine id="1231708" name="Bus N60: S+U Alexanderplatz =&gt; Flughafen BER - Terminal 1-2" line="N60" type="bus" vClass="bus" nightService="only" color="89,91,98" completeness="0.04" missingBefore="31" missingAfter="16">
        <route edges="143308546#0 143308546#1 143308546#3 143308546#7 143308546#8 670062902#0 670062902#1 670062902#2 670062902#3 143308587#1 24214694#0 24214694#1 24214694#2 24214694#3 190083618#0 -283317455#1 -143308570 -318210395 -190083616"/>
        <busStop id="301331956" name="Magnusstraße"/>
        <busStop id="1560223236" name="Rudower Chaussee/Wegedornstraße"/>
    </ptLine>
    <ptLine id="2064835" name="Bus 164: S Köpenick =&gt; Flughafen BER - Terminal 5" line="164" type="bus" vClass="bus" color="178,34,34" completeness="0.08" missingBefore="15" missingAfter="9">
        <route edges="143308546#0 143308546#1 143308546#3 143308546#7 143308546#8 670062902#0 670062902#1 670062902#2 670062902#3 143308587#1 24214694#0 24214694#1 24214694#2 24214694#3 190083618#0 -283317455#1 -143308570 -318210395 -190083616"/>
        <busStop id="301331956" name="Magnusstraße"/>
        <busStop id="1560223236" name="Rudower Chaussee/Wegedornstraße"/>
    </ptLine>
    <ptLine id="2077160" name="Tram M17: Falkenberg =&gt; S Adlershof" line="M17" type="tram" vClass="tram" period="600" color="166,66,42" completeness="0.05" missingBefore="39" missingAfter="2">
        <route edges="998153268#0 998153268#1 998153268#2 385981675#0 385981675#1 158236729#1 158236729#2 158236729#3 158236729#4 158236729#5 158236729#6 158236729#7 158236729#8 158236729#9 220198808#1"/>
        <busStop id="1704693343" name="Karl-Ziegler-Straße"/>
        <busStop id="1704693389" name="Magnusstraße"/>
    </ptLine>
    <ptLine id="2077161" name="Tram M17: Hohenschönhausen, Gehrenseestraße =&gt; S Adlershof" line="M17" type="tram" vClass="tram" period="600" color="166,66,42" completeness="0.06" missingBefore="31" missingAfter="2">
        <route edges="998153268#0 998153268#1 998153268#2 385981675#0 385981675#1 158236729#1 158236729#2 158236729#3 158236729#4 158236729#5 158236729#6 158236729#7 158236729#8 158236729#9 220198808#1"/>
        <busStop id="1704693343" name="Karl-Ziegler-Straße"/>
        <busStop id="1704693389" name="Magnusstraße"/>
    </ptLine>
    <ptLine id="2077162" name="Tram M17: S Adlershof =&gt; Falkenberg" line="M17" type="tram" vClass="tram" period="600" color="166,66,42" completeness="0.05" missingBefore="2" missingAfter="36">
        <route edges="206889079#0 206889079#1 220198810#1 220198810#2 220198810#3 220198810#4 220198810#5 220198810#6 220198810#7 220198810#8 220198810#9 158236384#1 158236384#3 158236384#4 998152253#1"/>
        <busStop id="1704693381" name="Magnusstraße"/>
        <busStop id="1704693369" name="Karl-Ziegler-Straße"/>
    </ptLine>
    <ptLine id="2077163" name="Tram M17: S Adlershof =&gt; Hohenschönhausen, Gehrenseestraße" line="M17" type="tram" vClass="tram" period="600" color="166,66,42" completeness="0.06" missingBefore="2" missingAfter="28">
        <route edges="206889079#0 206889079#1 220198810#1 220198810#2 220198810#3 220198810#4 220198810#5 220198810#6 220198810#7 220198810#8 220198810#9 158236384#1 158236384#3 158236384#4 998152253#1"/>
        <busStop id="1704693381" name="Magnusstraße"/>
        <busStop id="1704693369" name="Karl-Ziegler-Straße"/>
    </ptLine>
    <ptLine id="2077981" name="Tram 61: S-Schöneweide =&gt; Rahnsdorf/Waldschänke" line="61" type="tram" vClass="tram" period="1200" color="102,153,51" completeness="0.05" missingBefore="9" missingAfter="28">
        <route edges="998153268#0 998153268#1 998153268#2 385981675#0 385981675#1 158236729#1 158236729#2 158236729#3 158236729#4 158236729#5 158236729#6 158236729#7 158236729#8 158236729#9 220198808#1"/>
        <busStop id="1704693343" name="Karl-Ziegler-Straße"/>
        <busStop id="1704693389" name="Magnusstraße"/>
    </ptLine>
    <ptLine id="2077982" name="Tram 61: Rahnsdorf/Waldschänke =&gt; S-Schöneweide" line="61" type="tram" vClass="tram" period="1200" color="102,153,51" completeness="0.05" missingBefore="27" missingAfter="10">
        <route edges="206889079#0 206889079#1 220198810#1 220198810#2 220198810#3 220198810#4 220198810#5 220198810#6 220198810#7 220198810#8 220198810#9 158236384#1 158236384#3 158236384#4 998152253#1"/>
        <busStop id="1704693381" name="Magnusstraße"/>
        <busStop id="1704693369" name="Karl-Ziegler-Straße"/>
    </ptLine>
    <ptLine id="2084497" name="Tram 63: Landschaftspark Johannisthal =&gt; S Köpenick (=&gt; Mahlsdorf, Rahnsdorfer Straße)" line="63" type="tram" vClass="tram" period="1200" color="238,114,3" completeness="0.07" missingBefore="1" missingAfter="24">
        <route edges="998153268#0 998153268#1 998153268#2 385981675#0 385981675#1 158236729#1 158236729#2 158236729#3 158236729#4 158236729#5 158236729#6 158236729#7 158236729#8 158236729#9 220198808#1"/>
        <busStop id="1704693343" name="Karl-Ziegler-Straße"/>
        <busStop id="1704693389" name="Magnusstraße"/>
    </ptLine>
    <ptLine id="2084498" name="Tram 63: (Mahlsdorf, Rahnsdorfer Straße =&gt;) S Köpenick =&gt; Landschaftspark Johannisthal" line="63" type="tram" vClass="tram" period="1200" color="238,114,3" completeness="0.08" missingBefore="23" missingAfter="1">
        <route edges="206889079#0 206889079#1 220198810#1 220198810#2 220198810#3 220198810#4 220198810#5 220198810#6 220198810#7 220198810#8 220198810#9 158236384#1 158236384#3 158236384#4 998152253#1"/>
        <busStop id="1704693381" name="Magnusstraße"/>
        <busStop id="1704693369" name="Karl-Ziegler-Straße"/>
    </ptLine>
    <ptLine id="2088816" name="Bus M11: S Schöneweide =&gt; U Dahlem-Dorf" line="M11" type="bus" vClass="bus" color="149,39,110" completeness="0.03" missingBefore="7" missingAfter="51">
        <route edges="206579067 206579072#0 81414476#1 81414476#2 206579071 318210393#0 318210393#2 22917228#0 26547169 283317454 26547179 868347084 25944426#0 25944426#1 176051612#0 176051612#1 283317453#1 283317453#2 283317453#3"/>
        <busStop id="663346667" name="Stubenrauchstraße/Springbornstraße"/>
        <busStop id="663346664" name="Massantebrücke"/>
    </ptLine>
    <ptLine id="2088817" name="Bus M11: U Dahlem-Dorf =&gt; S Schöneweide" line="M11" type="bus" vClass="bus" color="149,39,110" completeness="0.03" missingBefore="52" missingAfter="7">
        <route edges="1116425697#0 1116425697#2 1116425695#1 1116425695#2 175934374#1 175934374#2 175934374#3 862741106 25944425#0 26547171#0 26547171#2 26547172#0 862741107 22917233#0 22917233#1 206579073 53385386#1 53385386#2 53385386#4 53385386#5"/>
        <busStop id="663346663" name="Massantebrücke"/>
        <busStop id="663346669" name="Stubenrauchstraße/Springbornstraße"/>
    </ptLine>
    <ptLine id="228027" name="Bus 164: Flughafen BER - Terminal 5 =&gt; S Köpenick" line="164" type="bus" vClass="bus" color="178,34,34" completeness="0.08" missingBefore="9" missingAfter="15">
        <route edges="190083616 318210395 143308570 283317455#0 -190083618#1 -24214694#3 -24214694#2 -24214694#1 -24214694#0 143308590#0 1145224897#1 1145224897#2 1145224897#3 1145224897#4 1145224897#6 143308542"/>
        <busStop id="464396487" name="Rudower Chaussee/Wegedornstraße"/>
        <busStop id="306982602" name="Magnusstraße"/>
    </ptLine>
    <ptLine id="35009" name="Bus 163: Flughafen BER - Terminal 5 =&gt; S Schöneweide" line="163" type="bus" vClass="bus" color="149,39,110" completeness="0.16" missingBefore="21" missingAfter="6">
        <route edges="143308546#0 143308546#1 143308546#3 143308546#7 143308546#8 670062902#0 670062902#1 670062902#2 670062902#3 143308532#1 143308532#2 143308532#3 143308532#4 143308532#5 143308532#6 143308532#7 46039051#1 -141968853#6 -141968853#5 -141968853#4 -141968853#3 -141968853#2 -141968853#1 -141968853#0 141968814#0 141968814#1 141968807#0 141968807#1 -141968830#4 -141968830#3 -141968830#0 -141968799#14 -141968799#13 -141968799#12 -141968799#11 -141968799#10 -141968799#9 -141968799#8 -141968799#7 -141968799#6 -141968799#5 -141968799#4 -141968799#3 -141968799#2 -141968799#1 -141968799#0 -407167843#1 -407167843#0 -746625193#2 -746625193#1 -746625193#0 -141968860#2 53385386#1 53385386#2 53385386#4 53385386#5"/>
        <busStop id="301331956" name="Magnusstraße"/>
        <busStop id="671564316" name="Rudower Chaussee/Wegedornstraße"/>
        <busStop id="837696418" name="James-Franck-Straße"/>
        <busStop id="-1553912606" name="Straße am Flugplatz"/>
        <busStop id="-1094134880" name="Johannes-Sasse-Ring"/>
    </ptLine>
    <ptLine id="35032" name="Bus 160: Altglienicke, Siriusstraße =&gt; S Schöneweide" line="160" type="bus" vClass="bus" completeness="0.14" missingBefore="16" missingAfter="9">
        <route edges="190083616 318210395 143308570 283317455#0 -190083618#1 -24214694#3 -24214694#2 -24214694#1 -24214694#0 143308590#0 143308532#1 143308532#2 143308532#3 143308532#4 143308532#5 143308532#6 143308532#7 46039051#1 -141968853#6 -141968853#5 -141968853#4 -141968853#3 -141968853#2 -141968853#1 -141968853#0 141968814#0 141968814#1 141968807#0 141968807#1 -141968830#4 -141968830#3 -141968830#0 -141968799#14 -141968799#13 -141968799#12 -141968799#11 -141968799#10 -141968799#9 -141968799#8 -141968799#7 -141968799#6 -141968799#5 -141968799#4 -141968799#3 -141968799#2 -141968799#1 -141968799#0 -407167843#1 -407167843#0 -746625193#2 -746625193#1 -746625193#0 -141968860#2 -81414521#1 -70130312#0"/>
        <busStop id="671564316" name="Rudower Chaussee/Wegedornstraße"/>
        <busStop id="837696418" name="James-Franck-Straße"/>
        <busStop id="-1553912606" name="Straße am Flugplatz"/>
        <busStop id="-1094134880" name="Johannes-Sasse-Ring"/>
    </ptLine>
    <ptLine id="35040" name="Bus N60: Flughafen BER =&gt; S+U Alexanderplatz" line="N60" type="bus" vClass="bus" nightService="only" completeness="0.04" missingBefore="15" missingAfter="32">
        <route edges="190083616 318210395 143308570 283317455#0 -190083618#1 -24214694#3 -24214694#2 -24214694#1 -24214694#0 143308590#0 1145224897#1 1145224897#2 1145224897#3 1145224897#4 1145224897#6 143308542"/>
        <busStop id="464396487" name="Rudower Chaussee/Wegedornstraße"/>
        <busStop id="306982602" name="Magnusstraße"/>
    </ptLine>
    <ptLine id="6783677" name="Bus 162: Schloßplatz Köpenick=&gt; U Rudow" line="162" type="bus" vClass="bus" completeness="0.10" missingBefore="12" missingAfter="7">
        <route edges="143308546#0 143308546#1 143308546#3 143308546#7 143308546#8 670062902#0 670062902#1 670062902#2 670062902#3 143308587#1 24214694#0 24214694#1 24214694#2 24214694#3 190083618#0 -283317455#1 -143308570 -318210395 -190083616"/>
        <busStop id="301331956" name="Magnusstraße"/>
        <busStop id="1560223236" name="Rudower Chaussee/Wegedornstraße"/>
    </ptLine>
    <ptLine id="6783678" name="Bus 162: U Rudow =&gt; Schloßplatz Köpenick" line="162" type="bus" vClass="bus" completeness="0.10" missingBefore="7" missingAfter="11">
        <route edges="190083616 318210395 143308570 283317455#0 -190083618#1 -24214694#3 -24214694#2 -24214694#1 -24214694#0 143308590#0 1145224897#1 1145224897#2 1145224897#3 1145224897#4 1145224897#6 143308542"/>
        <busStop id="464396487" name="Rudower Chaussee/Wegedornstraße"/>
        <busStop id="306982602" name="Magnusstraße"/>
    </ptLine>
</ptLines>
