<?xml version="1.0" encoding="UTF-8"?>

<!-- generated on 2024-04-30 09:37:55 by Eclipse SUMO netconvert Version v1_19_0+1992-c019d82ec68
<configuration xmlns:xsi="http://www.w3.org/2001/XMLSchema-instance" xsi:noNamespaceSchemaLocation="http://sumo.dlr.de/xsd/netconvertConfiguration.xsd">

    <input>
        <type-files value="${SUMO_HOME}/data/typemap/osmNetconvert.typ.xml,${SUMO_HOME}/data/typemap/osmNetconvertUrbanDe.typ.xml,${SUMO_HOME}/data/typemap/osmNetconvertPedestrians.typ.xml,${SUMO_HOME}/data/typemap/osmNetconvertAerialway.typ.xml"/>
        <osm-files value="osm_bbox.osm.xml.gz"/>
    </input>

    <output>
        <output-file value="osm.net.xml.gz"/>
        <output.street-names value="true"/>
        <output.original-names value="true"/>
        <ptstop-output value="osm_stops.add.xml"/>
        <ptline-output value="osm_ptlines.xml"/>
    </output>

    <projection>
        <proj.utm value="true"/>
    </projection>

    <processing>
        <geometry.remove value="true"/>
        <roundabouts.guess value="true"/>
    </processing>

    <tls_building>
        <tls.discard-simple value="true"/>
        <tls.join value="true"/>
        <tls.guess-signals value="true"/>
        <tls.default-type value="actuated"/>
    </tls_building>

    <ramp_guessing>
        <ramps.guess value="true"/>
    </ramp_guessing>

    <junctions>
        <junctions.join value="true"/>
        <junctions.corner-detail value="5"/>
    </junctions>

    <pedestrian>
        <crossings.guess value="true"/>
    </pedestrian>

    <railway>
        <railway.topology.repair value="true"/>
    </railway>

    <formats>
        <osm.sidewalks value="true"/>
    </formats>

</configuration>
-->

<additional xmlns:xsi="http://www.w3.org/2001/XMLSchema-instance" xsi:noNamespaceSchemaLocation="http://sumo.dlr.de/xsd/additional_file.xsd">
    <busStop id="-1094134880" name="Johannes-Sasse-Ring" lane="-141968799#8_0" startPos="3.57" endPos="18.57" friendlyPos="true" lines="163 160">
        <access lane="-141968916#0_0" pos="2.13" length="22.67" friendlyPos="1"/>
        <access lane="-141968916#1_0" pos="73.95" length="28.24" friendlyPos="1"/>
        <access lane="141968916#0_0" pos="0.00" length="27.16" friendlyPos="1"/>
        <access lane="883118225#6_0" pos="11.05" length="14.84" friendlyPos="1"/>
        <access lane="887715857#1_0" pos="309.75" length="11.66" friendlyPos="1"/>
    </busStop>
    <busStop id="-1553912606" name="Straße am Flugplatz" lane="-141968830#3_0" startPos="24.50" endPos="39.50" friendlyPos="true" lines="163 160">
        <access lane="1116438954#1_0" pos="0.00" length="17.96" friendlyPos="1"/>
        <access lane="1116438955_0" pos="0.37" length="6.86" friendlyPos="1"/>
        <access lane="887715855#1_0" pos="29.18" length="12.20" friendlyPos="1"/>
        <access lane="887715855#2_0" pos="0.00" length="11.74" friendlyPos="1"/>
        <access lane="887715856#2_0" pos="8.59" length="11.72" friendlyPos="1"/>
    </busStop>
    <busStop id="-664609166" name="Hafenstraße" lane="-145586617#6_1" startPos="18.16" endPos="33.16" friendlyPos="true" lines="172"/>
    <busStop id="-664609197" name="Massantebrücke" lane="-145586617#37_1" startPos="7.74" endPos="22.74" friendlyPos="true" lines="172"/>
    <busStop id="-664609199" name="Kanalstraße 38-41" lane="-145586617#31_1" startPos="30.50" endPos="45.50" friendlyPos="true" lines="172"/>
    <busStop id="-664609203" name="Mistelweg" lane="-145586617#14_1" startPos="20.67" endPos="35.67" friendlyPos="true" lines="172"/>
    <busStop id="1560223236" name="Rudower Chaussee/Wegedornstraße" lane="143308587#1_0" startPos="32.58" endPos="47.58" friendlyPos="true" lines="160 162 N60 164">
        <access lane="-26816590#3_0" pos="0.00" length="45.64" friendlyPos="1"/>
        <access lane="1125716169#2_0" pos="21.09" length="23.34" friendlyPos="1"/>
        <access lane="1211587363#1_0" pos="37.12" length="13.81" friendlyPos="1"/>
        <access lane="26816590#2_0" pos="32.36" length="47.02" friendlyPos="1"/>
        <access lane="26816590#3_0" pos="3.53" length="41.10" friendlyPos="1"/>
    </busStop>
    <busStop id="1704693343" name="Karl-Ziegler-Straße" lane="385981675#1_0" startPos="71.04" endPos="96.04" friendlyPos="true" lines="M17 61 63">
        <access lane="1211673164_0" pos="0.76" length="9.30" friendlyPos="1"/>
        <access lane="569694705#1_0" pos="0.20" length="16.68" friendlyPos="1"/>
        <access lane="569694705#3_0" pos="0.00" length="15.48" friendlyPos="1"/>
        <access lane="840221735#5_0" pos="49.89" length="14.46" friendlyPos="1"/>
        <access lane="840221735#6_0" pos="0.00" length="14.93" friendlyPos="1"/>
    </busStop>
    <busStop id="1704693369" name="Karl-Ziegler-Straße" lane="220198810#9_0" startPos="30.66" endPos="55.66" friendlyPos="true" lines="M17 61 63">
        <access lane="1157627077#4_0" pos="9.02" length="12.52" friendlyPos="1"/>
        <access lane="1157627077#5_0" pos="0.00" length="12.86" friendlyPos="1"/>
        <access lane="397678504#2_0" pos="16.03" length="16.12" friendlyPos="1"/>
        <access lane="397678504#3_0" pos="0.85" length="7.16" friendlyPos="1"/>
        <access lane="840221735#5_0" pos="16.34" length="19.17" friendlyPos="1"/>
    </busStop>
    <busStop id="1704693381" name="Magnusstraße" lane="206889079#1_0" startPos="33.31" endPos="58.31" friendlyPos="true" lines="M17 61 63">
        <access lane="1211616334#1_0" pos="0.20" length="22.03" friendlyPos="1"/>
        <access lane="1211616335_0" pos="0.00" length="3.50" friendlyPos="1"/>
        <access lane="1211616337#1_0" pos="0.20" length="21.36" friendlyPos="1"/>
        <access lane="1211616339_0" pos="0.00" length="7.30" friendlyPos="1"/>
        <access lane="1211616363#2_0" pos="46.78" length="20.82" friendlyPos="1"/>
    </busStop>
    <busStop id="1704693389" name="Magnusstraße" lane="158236729#9_0" startPos="33.29" endPos="58.29" friendlyPos="true" lines="M17 61 63">
        <access lane="1211616336_0" pos="0.00" length="7.29" friendlyPos="1"/>
        <access lane="1211616338_0" pos="8.04" length="2.23" friendlyPos="1"/>
        <access lane="1211616346#1_0" pos="0.20" length="16.18" friendlyPos="1"/>
        <access lane="1211616347#2_0" pos="0.00" length="15.20" friendlyPos="1"/>
        <access lane="1211616348#1_0" pos="0.00" length="15.68" friendlyPos="1"/>
    </busStop>
    <busStop id="301331956" name="Magnusstraße" lane="143308546#1_0" startPos="37.04" endPos="52.04" friendlyPos="true" lines="162 N60 164 163">
        <access lane="1211616333_0" pos="0.20" length="24.96" friendlyPos="1"/>
        <access lane="1211616334#1_0" pos="0.00" length="24.62" friendlyPos="1"/>
        <access lane="1211616335_0" pos="1.16" length="8.12" friendlyPos="1"/>
        <access lane="1211616339_0" pos="0.00" length="18.37" friendlyPos="1"/>
        <access lane="1211616363#2_0" pos="44.62" length="10.23" friendlyPos="1"/>
    </busStop>
    <busStop id="306982602" name="Magnusstraße" lane="1145224897#6_0" startPos="12.55" endPos="27.55" friendlyPos="true" lines="162 163 164 N60">
        <access lane="1211616335_0" pos="0.00" length="23.38" friendlyPos="1"/>
        <access lane="1211616339_0" pos="0.98" length="16.13" friendlyPos="1"/>
        <access lane="1211616341#2_0" pos="0.20" length="34.34" friendlyPos="1"/>
        <access lane="1211616342#1_0" pos="0.20" length="34.16" friendlyPos="1"/>
        <access lane="976390654#6_0" pos="19.00" length="16.01" friendlyPos="1"/>
    </busStop>
    <busStop id="3893109902" name="Massantebrücke" lane="1116425697#2_0" startPos="13.68" endPos="28.68" friendlyPos="true">
        <access lane="-1162816934#0_0" pos="0.00" length="31.37" friendlyPos="1"/>
        <access lane="1137205584#1_0" pos="8.47" length="30.84" friendlyPos="1"/>
        <access lane="1162816934#0_0" pos="1.65" length="30.88" friendlyPos="1"/>
        <access lane="497960405_0" pos="37.55" length="31.68" friendlyPos="1"/>
        <access lane="734385204#1_0" pos="21.16" length="10.25" friendlyPos="1"/>
    </busStop>
    <busStop id="464396487" name="Rudower Chaussee/Wegedornstraße" lane="1145224897#1_0" startPos="28.00" endPos="43.00" friendlyPos="true" lines="162 163 164 N60">
        <access lane="-1172683052#1_0" pos="0.00" length="36.38" friendlyPos="1"/>
        <access lane="1172683052#0_0" pos="25.03" length="40.07" friendlyPos="1"/>
        <access lane="1172683052#1_0" pos="1.35" length="32.76" friendlyPos="1"/>
        <access lane="1211616349#4_0" pos="12.36" length="28.91" friendlyPos="1"/>
        <access lane="976390654#1_0" pos="25.81" length="13.18" friendlyPos="1"/>
    </busStop>
    <busStop id="663346663" name="Massantebrücke" lane="1116425695#1_0" startPos="10.12" endPos="25.12" friendlyPos="true" lines="M11">
        <access lane="-43084404#1_0" pos="0.00" length="25.58" friendlyPos="1"/>
        <access lane="1211598637#1_0" pos="0.00" length="31.13" friendlyPos="1"/>
        <access lane="1227322572#1_0" pos="17.61" length="9.09" friendlyPos="1"/>
        <access lane="43084401#3_0" pos="11.12" length="28.03" friendlyPos="1"/>
        <access lane="43084404#1_0" pos="6.40" length="29.84" friendlyPos="1"/>
    </busStop>
    <busStop id="663346664" name="Massantebrücke" lane="176051612#1_0" startPos="28.88" endPos="43.88" friendlyPos="true" lines="M11">
        <access lane="1116425701#2_0" pos="50.99" length="11.86" friendlyPos="1"/>
        <access lane="1211598637#0_0" pos="0.00" length="30.00" friendlyPos="1"/>
        <access lane="1211598639_0" pos="0.14" length="30.03" friendlyPos="1"/>
        <access lane="713631176#1_0" pos="0.20" length="27.59" friendlyPos="1"/>
        <access lane="713631176#2_0" pos="0.00" length="28.84" friendlyPos="1"/>
    </busStop>
    <busStop id="663346667" name="Stubenrauchstraße/Springbornstraße" lane="81414476#2_0" startPos="9.99" endPos="24.99" friendlyPos="true" lines="M11">
        <access lane="1116425705#3_0" pos="15.69" length="12.58" friendlyPos="1"/>
        <access lane="1116425705#4_0" pos="0.00" length="12.99" friendlyPos="1"/>
        <access lane="1116425713#0_0" pos="0.00" length="5.63" friendlyPos="1"/>
        <access lane="1116425713#1_0" pos="0.00" length="10.92" friendlyPos="1"/>
        <access lane="141968928#0_0" pos="0.00" length="22.70" friendlyPos="1"/>
    </busStop>
    <busStop id="663346669" name="Stubenrauchstraße/Springbornstraße" lane="206579073_0" startPos="5.43" endPos="20.43" friendlyPos="true" lines="M11">
        <access lane="1116425712_0" pos="0.00" length="6.61" friendlyPos="1"/>
        <access lane="407167747_0" pos="0.00" length="23.55" friendlyPos="1"/>
        <access lane="872231977#3_0" pos="65.31" length="12.99" friendlyPos="1"/>
        <access lane="872231977#4_0" pos="0.00" length="13.23" friendlyPos="1"/>
        <access lane="872231977#5_0" pos="0.00" length="24.16" friendlyPos="1"/>
    </busStop>
    <busStop id="664609167" name="Hafenstraße" lane="145586617#6_1" startPos="32.70" endPos="47.70" friendlyPos="true" lines="172"/>
    <busStop id="664609198" name="Massantebrücke" lane="145586617#38_1" startPos="2.70" endPos="17.70" friendlyPos="true" lines="172"/>
    <busStop id="664609200" name="Kanalstraße 38-41" lane="145586617#28_1" startPos="0.00" endPos="5.00" friendlyPos="true" lines="172"/>
    <busStop id="664609202" name="Mistelweg" lane="145586617#13_1" startPos="6.55" endPos="21.55" friendlyPos="true" lines="172"/>
    <busStop id="671564316" name="Rudower Chaussee/Wegedornstraße" lane="143308532#1_0" startPos="24.79" endPos="39.79" friendlyPos="true" lines="163 160">
        <access lane="1172683053_0" pos="27.26" length="18.64" friendlyPos="1"/>
        <access lane="1211587371#1_0" pos="0.00" length="52.55" friendlyPos="1"/>
        <access lane="1211592697#1_0" pos="26.03" length="16.86" friendlyPos="1"/>
        <access lane="1211592697#2_0" pos="1.36" length="13.97" friendlyPos="1"/>
        <access lane="1211592699#3_0" pos="86.41" length="27.57" friendlyPos="1"/>
    </busStop>
    <busStop id="837696418" name="James-Franck-Straße" lane="143308532#7_0" startPos="24.55" endPos="39.55" friendlyPos="true" lines="163 160">
        <access lane="1125718884_0" pos="0.00" length="18.28" friendlyPos="1"/>
        <access lane="708546340_0" pos="23.23" length="25.89" friendlyPos="1"/>
        <access lane="887559886#1_0" pos="125.88" length="26.46" friendlyPos="1"/>
        <access lane="976390656#2_0" pos="23.57" length="17.60" friendlyPos="1"/>
        <access lane="976390656#3_0" pos="3.52" length="12.11" friendlyPos="1"/>
    </busStop>
    <busStop id="837696524" name="James-Franck-Straße" lane="46039050#4_0" startPos="26.02" endPos="41.02" friendlyPos="true" lines="160 163">
        <access lane="1211592703_0" pos="0.20" length="54.38" friendlyPos="1"/>
        <access lane="1211592705#1_0" pos="0.20" length="55.55" friendlyPos="1"/>
        <access lane="1211592705#2_0" pos="33.73" length="12.29" friendlyPos="1"/>
        <access lane="1211592707#2_0" pos="56.11" length="27.29" friendlyPos="1"/>
        <access lane="71596015#1_0" pos="0.00" length="54.64" friendlyPos="1"/>
    </busStop>
    <busStop id="837696912" name="Straße am Flugplatz" lane="141968853#1_0" startPos="4.67" endPos="19.67" friendlyPos="true" lines="160 163">
        <access lane="1172696029_0" pos="2.99" length="28.05" friendlyPos="1"/>
        <access lane="1172696044_0" pos="19.56" length="28.35" friendlyPos="1"/>
        <access lane="708753757#0_0" pos="0.00" length="24.50" friendlyPos="1"/>
        <access lane="887860359#2_0" pos="13.02" length="12.41" friendlyPos="1"/>
        <access lane="887862705#6_0" pos="12.60" length="15.14" friendlyPos="1"/>
    </busStop>
    <busStop id="837697182" name="Johannes-Sasse-Ring" lane="141968799#10_0" startPos="0.00" endPos="13.81" friendlyPos="true" lines="160 163">
        <access lane="-94125991#0_0" pos="2.34" length="11.67" friendlyPos="1"/>
        <access lane="-94125991#1_0" pos="59.13" length="20.84" friendlyPos="1"/>
        <access lane="883118225#5_0" pos="2.51" length="15.25" friendlyPos="1"/>
        <access lane="887715857#3_0" pos="10.93" length="11.48" friendlyPos="1"/>
        <access lane="94125991#0_0" pos="0.00" length="15.71" friendlyPos="1"/>
    </busStop>
    <busStop id="837697620" name="Stubenrauchstraße/Springbornstraße" lane="70130312#0_0" startPos="0.00" endPos="9.79" friendlyPos="true" lines="160">
        <access lane="1157652050_0" pos="36.36" length="21.90" friendlyPos="1"/>
        <access lane="69923037#0_0" pos="28.37" length="18.47" friendlyPos="1"/>
        <access lane="69923037#1_0" pos="0.00" length="17.86" friendlyPos="1"/>
        <access lane="69923186#0_0" pos="26.78" length="22.42" friendlyPos="1"/>
        <access lane="69923186#1_0" pos="0.20" length="18.50" friendlyPos="1"/>
    </busStop>
    <busStop id="937153136" name="Massantebrücke" lane="283317453#1_0" startPos="8.07" endPos="23.07" friendlyPos="true">
        <access lane="-1162816934#0_0" pos="0.00" length="24.11" friendlyPos="1"/>
        <access lane="1137205584#2_0" pos="11.92" length="8.98" friendlyPos="1"/>
        <access lane="1162816934#0_0" pos="1.65" length="28.68" friendlyPos="1"/>
        <access lane="713631177#1_0" pos="0.20" length="28.44" friendlyPos="1"/>
        <access lane="713631177#2_0" pos="0.00" length="29.11" friendlyPos="1"/>
    </busStop>
</additional>
