<?xml version="1.0" encoding="UTF-8"?>

<!-- generated on 2024-04-30 09:38:03.296816 by randomTrips.py v1_19_0+1992-c019d82ec68
<configuration>
    <net-file value="osm.net.xml.gz"/>
    <output-trip-file value="osm.passenger.trips.xml"/>
    <route-file value="osm.passenger.rou.xml"/>
    <prefix value="veh"/>
    <trip-attributes value="departLane=&quot;best&quot;"/>
    <fringe-start-attributes value="departSpeed=&quot;max&quot;"/>
    <vehicle-class value="passenger"/>
    <lanes value="True"/>
    <fringe-factor value="5"/>
    <allow-fringe.min-length value="1000.0"/>
    <via-edge-types value="highway.motorway,highway.motorway_link,highway.trunk_link,highway.primary_link,highway.secondary_link,highway.tertiary_link"/>
    <min-distance value="300.0"/>
    <min-distance.fringe value="10.0"/>
    <remove-loops value="True"/>
    <validate value="True"/>
    <insertion-density value="12.0"/>
</configuration>
-->

<!-- generated on 2024-04-30 09:38:03 by Eclipse SUMO duarouter Version v1_19_0+1992-c019d82ec68
<configuration xmlns:xsi="http://www.w3.org/2001/XMLSchema-instance" xsi:noNamespaceSchemaLocation="http://sumo.dlr.de/xsd/duarouterConfiguration.xsd">

    <input>
        <net-file value="osm.net.xml.gz"/>
        <route-files value="osm.passenger.trips.xml"/>
    </input>

    <output>
        <output-file value="osm.passenger.trips.xml.tmp"/>
        <alternatives-output value="NUL"/>
        <write-trips value="true"/>
    </output>

    <processing>
        <remove-loops value="true"/>
    </processing>

    <time>
        <begin value="0.0"/>
        <end value="3600.0"/>
    </time>

    <report>
        <no-warnings value="true"/>
        <ignore-errors value="true"/>
        <no-step-log value="true"/>
    </report>

</configuration>
-->

<routes xmlns:xsi="http://www.w3.org/2001/XMLSchema-instance" xsi:noNamespaceSchemaLocation="http://sumo.dlr.de/xsd/routes_file.xsd">
    <vType id="veh_passenger" vClass="passenger"/>
    <trip id="veh0" type="veh_passenger" depart="0.00" departLane="best" from="145586617#28" to="-138624421#18"/>
    <trip id="veh1" type="veh_passenger" depart="4.25" departLane="best" from="-24733698#1" to="-153959908#3"/>
    <trip id="veh2" type="veh_passenger" depart="8.51" departLane="best" departSpeed="max" from="190083616" to="153959913#2"/>
    <trip id="veh3" type="veh_passenger" depart="12.76" departLane="best" from="429155576#1" to="-142575659#0"/>
    <trip id="veh4" type="veh_passenger" depart="17.02" departLane="best" from="1116438949#1" to="-138624421#29"/>
    <trip id="veh5" type="veh_passenger" depart="21.27" departLane="best" departSpeed="max" from="-153959913#2" to="-142575662#7"/>
    <trip id="veh6" type="veh_passenger" depart="25.53" departLane="best" from="-138624421#21" to="-152447118#8"/>
    <trip id="veh7" type="veh_passenger" depart="29.78" departLane="best" from="145586617#5" to="142575693#1"/>
    <trip id="veh8" type="veh_passenger" depart="34.04" departLane="best" departSpeed="max" from="-153959913#2" to="145586606"/>
    <trip id="veh9" type="veh_passenger" depart="38.29" departLane="best" from="257072321#7" to="-1116438948#8"/>
    <trip id="veh10" type="veh_passenger" depart="42.55" departLane="best" from="257072321#1" to="176051612#0"/>
    <trip id="veh11" type="veh_passenger" depart="46.80" departLane="best" from="-412992929#5" to="-145586617#2"/>
    <trip id="veh12" type="veh_passenger" depart="51.06" departLane="best" from="69923034#1" to="-5116489#13"/>
    <trip id="veh14" type="veh_passenger" depart="59.57" departLane="best" from="257072321#12" to="190083610#1"/>
    <trip id="veh15" type="veh_passenger" depart="63.82" departLane="best" from="-69923058#1" to="142575693#8"/>
    <trip id="veh16" type="veh_passenger" depart="68.08" departLane="best" from="25944426#1" to="-145586617#27"/>
    <trip id="veh17" type="veh_passenger" depart="72.33" departLane="best" from="318210393#2" to="143308546#8"/>
    <trip id="veh19" type="veh_passenger" depart="80.84" departLane="best" departSpeed="max" from="-177839808" to="-257072321#9"/>
    <trip id="veh20" type="veh_passenger" depart="85.09" departLane="best" from="-142575657#3" to="153959913#1"/>
    <trip id="veh21" type="veh_passenger" depart="89.35" departLane="best" from="142575687#1" to="25684295#3"/>
    <trip id="veh22" type="veh_passenger" depart="93.60" departLane="best" from="145586617#25" to="-71028777#1"/>
    <trip id="veh23" type="veh_passenger" depart="97.86" departLane="best" from="52460499#15" to="-153959879#2"/>
    <trip id="veh24" type="veh_passenger" depart="102.11" departLane="best" from="22956997#3" to="52081116#7"/>
    <trip id="veh25" type="veh_passenger" depart="106.37" departLane="best" from="-145586617#39" to="-145586617#2"/>
    <trip id="veh26" type="veh_passenger" depart="110.62" departLane="best" from="147859763#3" to="-190083610#1"/>
    <trip id="veh27" type="veh_passenger" depart="114.88" departLane="best" from="-145586617#37" to="81414551#2"/>
    <trip id="veh28" type="veh_passenger" depart="119.13" departLane="best" departSpeed="max" from="83708562" to="-152447118#4"/>
    <trip id="veh29" type="veh_passenger" depart="123.39" departLane="best" from="142575693#4" to="155586403#1"/>
    <trip id="veh30" type="veh_passenger" depart="127.64" departLane="best" from="26547179" to="24733698#2"/>
    <trip id="veh31" type="veh_passenger" depart="131.90" departLane="best" departSpeed="max" from="-177839808" to="-138624421#33"/>
    <trip id="veh32" type="veh_passenger" depart="136.15" departLane="best" from="38507369#2" to="-22956997#7"/>
    <trip id="veh33" type="veh_passenger" depart="140.41" departLane="best" from="153959908#8" to="-52460499#13"/>
    <trip id="veh34" type="veh_passenger" depart="144.66" departLane="best" from="-38568630#4" to="-38915289#6"/>
    <trip id="veh35" type="veh_passenger" depart="148.92" departLane="best" departSpeed="max" from="147859763#0" to="-1116438948#9"/>
    <trip id="veh36" type="veh_passenger" depart="153.17" departLane="best" from="5116489#1" to="141873658#1"/>
    <trip id="veh37" type="veh_passenger" depart="157.42" departLane="best" departSpeed="max" from="-22721673#1" to="180789857#4"/>
    <trip id="veh38" type="veh_passenger" depart="161.68" departLane="best" from="142575692#6" to="-206579063#0"/>
    <trip id="veh39" type="veh_passenger" depart="165.93" departLane="best" from="-887919959#2" to="-153959908#15"/>
    <trip id="veh40" type="veh_passenger" depart="170.19" departLane="best" from="887919959#3" to="142575679#3"/>
    <trip id="veh41" type="veh_passenger" depart="174.44" departLane="best" from="142575662#7" to="-138624469#11"/>
    <trip id="veh42" type="veh_passenger" depart="178.70" departLane="best" from="-142575690#3" to="-145586617#39"/>
    <trip id="veh43" type="veh_passenger" depart="182.95" departLane="best" departSpeed="max" from="25382187" to="1185240426#3"/>
    <trip id="veh44" type="veh_passenger" depart="187.21" departLane="best" from="141968853#0" to="-887919959#3"/>
    <trip id="veh45" type="veh_passenger" depart="191.46" departLane="best" from="868347084" to="142575690#10"/>
    <trip id="veh47" type="veh_passenger" depart="199.97" departLane="best" departSpeed="max" from="153959895#0" to="142575691#2"/>
    <trip id="veh48" type="veh_passenger" depart="204.23" departLane="best" from="22956997#1" to="-152447118#6"/>
    <trip id="veh49" type="veh_passenger" depart="208.48" departLane="best" from="-142575690#8" to="138624421#29"/>
    <trip id="veh50" type="veh_passenger" depart="212.74" departLane="best" from="138624421#24" to="53385386#5"/>
    <trip id="veh51" type="veh_passenger" depart="216.99" departLane="best" from="-38568630#2" to="-206579063#1"/>
    <trip id="veh52" type="veh_passenger" depart="221.25" departLane="best" from="141968913#1" to="-145586617#7"/>
    <trip id="veh53" type="veh_passenger" depart="225.50" departLane="best" from="257072321#7" to="-152447118#3"/>
    <trip id="veh55" type="veh_passenger" depart="234.01" departLane="best" departSpeed="max" from="206579067" to="142575692#2"/>
    <trip id="veh56" type="veh_passenger" depart="238.26" departLane="best" from="22956997#3" to="142575690#3"/>
    <trip id="veh57" type="veh_passenger" depart="242.52" departLane="best" from="-38717602#1" to="292525973"/>
    <trip id="veh58" type="veh_passenger" depart="246.77" departLane="best" departSpeed="max" from="-259433184#4" to="-141968799#3"/>
    <trip id="veh59" type="veh_passenger" depart="251.03" departLane="best" from="-38568633#2" to="52460499#8"/>
    <trip id="veh60" type="veh_passenger" depart="255.28" departLane="best" from="-142575658#5" to="-142575655#3"/>
    <trip id="veh61" type="veh_passenger" depart="259.54" departLane="best" from="142575655#1" to="22917233#1"/>
    <trip id="veh62" type="veh_passenger" depart="263.79" departLane="best" departSpeed="max" from="206579067" to="143308521#7"/>
    <trip id="veh63" type="veh_passenger" depart="268.05" departLane="best" from="-138624469#6" to="142575693#5"/>
    <trip id="veh64" type="veh_passenger" depart="272.30" departLane="best" departSpeed="max" from="-22721673#1" to="38717601"/>
    <trip id="veh65" type="veh_passenger" depart="276.56" departLane="best" from="1116438958#0" to="153959893#1"/>
    <trip id="veh66" type="veh_passenger" depart="280.81" departLane="best" from="142575686#3" to="190083618#0"/>
    <trip id="veh67" type="veh_passenger" depart="285.07" departLane="best" from="153959908#16" to="38915289#0"/>
    <trip id="veh68" type="veh_passenger" depart="289.32" departLane="best" from="862741107" to="153959893#2"/>
    <trip id="veh70" type="veh_passenger" depart="297.83" departLane="best" from="-143308521#12" to="-153959908#4"/>
    <trip id="veh72" type="veh_passenger" depart="306.34" departLane="best" departSpeed="max" from="-177839808" to="153959908#16"/>
    <trip id="veh73" type="veh_passenger" depart="310.59" departLane="best" from="142575655#12" to="-145586617#6"/>
    <trip id="veh74" type="veh_passenger" depart="314.85" departLane="best" departSpeed="max" from="-177839808" to="461093303#4"/>
    <trip id="veh75" type="veh_passenger" depart="319.10" departLane="best" from="318210393#0" to="-142575655#11"/>
    <trip id="veh76" type="veh_passenger" depart="323.36" departLane="best" from="-180789857#14" to="-153959908#8"/>
    <trip id="veh78" type="veh_passenger" depart="331.87" departLane="best" from="52460499#1" to="143308532#6"/>
    <trip id="veh79" type="veh_passenger" depart="336.12" departLane="best" from="138624469#11" to="25684295#0"/>
    <trip id="veh80" type="veh_passenger" depart="340.38" departLane="best" from="257072321#12" to="-152447118#13"/>
    <trip id="veh81" type="veh_passenger" depart="344.63" departLane="best" from="-142575684#1" to="138624421#2"/>
    <trip id="veh82" type="veh_passenger" depart="348.89" departLane="best" from="1125710844#2" to="-141968799#8"/>
    <trip id="veh83" type="veh_passenger" depart="353.14" departLane="best" from="-180789857#7" to="153959913#2"/>
    <trip id="veh84" type="veh_passenger" depart="357.40" departLane="best" departSpeed="max" from="83708562" to="-142575684#3"/>
    <trip id="veh85" type="veh_passenger" depart="361.65" departLane="best" from="176051612#1" to="-5116489#4"/>
    <trip id="veh86" type="veh_passenger" depart="365.91" departLane="best" from="318210393#2" to="180789857#8"/>
    <trip id="veh87" type="veh_passenger" depart="370.16" departLane="best" from="153959879#2" to="138624445#8"/>
    <trip id="veh88" type="veh_passenger" depart="374.42" departLane="best" from="1116438949#1" to="25684295#4"/>
    <trip id="veh89" type="veh_passenger" depart="378.67" departLane="best" departSpeed="max" from="-190083608#1" to="-5116489#6"/>
    <trip id="veh90" type="veh_passenger" depart="382.93" departLane="best" from="-1185240426#1" to="-38507369#1"/>
    <trip id="veh91" type="veh_passenger" depart="387.18" departLane="best" from="142575690#3" to="-138624469#11"/>
    <trip id="veh92" type="veh_passenger" depart="391.43" departLane="best" from="96834893" to="292525973"/>
    <trip id="veh94" type="veh_passenger" depart="399.94" departLane="best" from="283317455#0" to="-145586617#28"/>
    <trip id="veh95" type="veh_passenger" depart="404.20" departLane="best" from="-141968799#5" to="-153959908#0"/>
    <trip id="veh96" type="veh_passenger" depart="408.45" departLane="best" from="-887919959#5" to="-141968799#4"/>
    <trip id="veh97" type="veh_passenger" depart="412.71" departLane="best" from="-69923171#0" to="802021414#6"/>
    <trip id="veh98" type="veh_passenger" depart="416.96" departLane="best" departSpeed="max" from="-22721673#1" to="25684295#0"/>
    <trip id="veh99" type="veh_passenger" depart="421.22" departLane="best" from="69923034#1" to="868347084"/>
    <trip id="veh100" type="veh_passenger" depart="425.47" departLane="best" from="142575692#1" to="180789857#5"/>
    <trip id="veh101" type="veh_passenger" depart="429.73" departLane="best" from="145586617#27" to="-259433184#3"/>
    <trip id="veh102" type="veh_passenger" depart="433.98" departLane="best" from="71028777#3" to="143308562#2"/>
    <trip id="veh103" type="veh_passenger" depart="438.24" departLane="best" from="142575688#1" to="206579088"/>
    <trip id="veh104" type="veh_passenger" depart="442.49" departLane="best" from="141968799#2" to="143308587#1"/>
    <trip id="veh105" type="veh_passenger" depart="446.75" departLane="best" from="142575655#11" to="-318210395"/>
    <trip id="veh106" type="veh_passenger" depart="451.00" departLane="best" from="145586617#30" to="578659322#1"/>
    <trip id="veh107" type="veh_passenger" depart="455.26" departLane="best" from="-142575657#3" to="-152447118#1"/>
    <trip id="veh108" type="veh_passenger" depart="459.51" departLane="best" departSpeed="max" from="143308546#0" to="153959913#2"/>
    <trip id="veh109" type="veh_passenger" depart="463.76" departLane="best" departSpeed="max" from="143308546#0" to="-145586617#28"/>
    <trip id="veh110" type="veh_passenger" depart="468.02" departLane="best" from="1116438948#8" to="143308587#1"/>
    <trip id="veh111" type="veh_passenger" depart="472.27" departLane="best" from="142575659#3" to="52081116#6"/>
    <trip id="veh112" type="veh_passenger" depart="476.53" departLane="best" from="153959908#3" to="180789857#15"/>
    <trip id="veh113" type="veh_passenger" depart="480.78" departLane="best" departSpeed="max" from="-180789857#15" to="-1116438948#9"/>
    <trip id="veh114" type="veh_passenger" depart="485.04" departLane="best" departSpeed="max" from="153947874#0" to="320741893"/>
    <trip id="veh115" type="veh_passenger" depart="489.29" departLane="best" from="-38568630#1" to="22721673#1"/>
    <trip id="veh116" type="veh_passenger" depart="493.55" departLane="best" from="142575655#17" to="141873658#0"/>
    <trip id="veh117" type="veh_passenger" depart="497.80" departLane="best" from="887919959#5" to="868347084"/>
    <trip id="veh118" type="veh_passenger" depart="502.06" departLane="best" from="142575655#18" to="153959893#2"/>
    <trip id="veh119" type="veh_passenger" depart="506.31" departLane="best" departSpeed="max" from="-22721673#1" to="52081116#5"/>
    <trip id="veh120" type="veh_passenger" depart="510.57" departLane="best" from="-38915289#0" to="38717602#4"/>
    <trip id="veh121" type="veh_passenger" depart="514.82" departLane="best" from="52460499#14" to="-145586617#21"/>
    <trip id="veh122" type="veh_passenger" depart="519.08" departLane="best" from="259466417#2" to="177839808"/>
    <trip id="veh124" type="veh_passenger" depart="527.59" departLane="best" departSpeed="max" from="147859763#0" to="-1116438949#0"/>
    <trip id="veh125" type="veh_passenger" depart="531.84" departLane="best" departSpeed="max" from="259433182#0" to="-318210395"/>
    <trip id="veh126" type="veh_passenger" depart="536.10" departLane="best" from="152447118#6" to="52081116#7"/>
    <trip id="veh128" type="veh_passenger" depart="544.60" departLane="best" from="24214694#3" to="-145586617#17"/>
    <trip id="veh129" type="veh_passenger" depart="548.86" departLane="best" from="176051612#0" to="-153947874#1"/>
    <trip id="veh130" type="veh_passenger" depart="553.11" departLane="best" from="145586617#24" to="-206579064#1"/>
    <trip id="veh131" type="veh_passenger" depart="557.37" departLane="best" from="141968799#9" to="461093303#4"/>
    <trip id="veh133" type="veh_passenger" depart="565.88" departLane="best" from="1125710844#2" to="-25684295#2"/>
    <trip id="veh134" type="veh_passenger" depart="570.13" departLane="best" from="1116438948#8" to="24733698#2"/>
    <trip id="veh135" type="veh_passenger" depart="574.39" departLane="best" from="145586617#26" to="206579062#2"/>
    <trip id="veh136" type="veh_passenger" depart="578.64" departLane="best" from="-190083618#1" to="142575693#8"/>
    <trip id="veh138" type="veh_passenger" depart="587.15" departLane="best" from="142575655#6" to="38915289#6"/>
    <trip id="veh139" type="veh_passenger" depart="591.41" departLane="best" from="461093303#1" to="142575693#1"/>
    <trip id="veh140" type="veh_passenger" depart="595.66" departLane="best" from="259466417#3" to="-143308570"/>
    <trip id="veh141" type="veh_passenger" depart="599.92" departLane="best" from="145586617#21" to="143308521#6"/>
    <trip id="veh142" type="veh_passenger" depart="604.17" departLane="best" departSpeed="max" from="-259433184#4" to="46039050#6"/>
    <trip id="veh143" type="veh_passenger" depart="608.43" departLane="best" from="25684171" to="-38507369#0"/>
    <trip id="veh144" type="veh_passenger" depart="612.68" departLane="best" from="143308532#2" to="-153959893#0"/>
    <trip id="veh145" type="veh_passenger" depart="616.94" departLane="best" departSpeed="max" from="-190083608#1" to="-142575687#0"/>
    <trip id="veh146" type="veh_passenger" depart="621.19" departLane="best" from="22956997#7" to="-407167843#1"/>
    <trip id="veh147" type="veh_passenger" depart="625.44" departLane="best" from="145586617#27" to="52081116#2"/>
    <trip id="veh148" type="veh_passenger" depart="629.70" departLane="best" from="320741895#0" to="-71028777#1"/>
    <trip id="veh149" type="veh_passenger" depart="633.95" departLane="best" from="257072321#9" to="38915289#4"/>
    <trip id="veh150" type="veh_passenger" depart="638.21" departLane="best" from="-138624421#18" to="-206579062#0"/>
    <trip id="veh151" type="veh_passenger" depart="642.46" departLane="best" departSpeed="max" from="-38717602#4" to="52081116#3"/>
    <trip id="veh152" type="veh_passenger" depart="646.72" departLane="best" from="-25684295#5" to="38568630#4"/>
    <trip id="veh153" type="veh_passenger" depart="650.97" departLane="best" from="257072321#9" to="-22956997#5"/>
    <trip id="veh154" type="veh_passenger" depart="655.23" departLane="best" departSpeed="max" from="25382187" to="-142575688#4"/>
    <trip id="veh156" type="veh_passenger" depart="663.74" departLane="best" from="-157110895#1" to="259466417#4"/>
    <trip id="veh157" type="veh_passenger" depart="667.99" departLane="best" from="138624421#9" to="-38507369#2"/>
    <trip id="veh158" type="veh_passenger" depart="672.25" departLane="best" from="-138624421#14" to="-152447118#3"/>
    <trip id="veh159" type="veh_passenger" depart="676.50" departLane="best" departSpeed="max" from="-38717601" to="38568632"/>
    <trip id="veh160" type="veh_passenger" depart="680.76" departLane="best" from="71028777#1" to="25684295#4"/>
    <trip id="veh161" type="veh_passenger" depart="685.01" departLane="best" from="145586617#31" to="-1125710844#2"/>
    <trip id="veh162" type="veh_passenger" depart="689.27" departLane="best" from="-81414551#2" to="142575691#2"/>
    <trip id="veh163" type="veh_passenger" depart="693.52" departLane="best" from="52460499#2" to="142575690#8"/>
    <trip id="veh165" type="veh_passenger" depart="702.03" departLane="best" departSpeed="max" from="70130312#0" to="-22956997#1"/>
    <trip id="veh166" type="veh_passenger" depart="706.28" departLane="best" from="-142575690#10" to="138624421#29"/>
    <trip id="veh167" type="veh_passenger" depart="710.54" departLane="best" from="-180789857#5" to="38915289#4"/>
    <trip id="veh168" type="veh_passenger" depart="714.79" departLane="best" from="143308587#1" to="142575684#0"/>
    <trip id="veh170" type="veh_passenger" depart="723.30" departLane="best" from="190083618#0" to="180239858#0"/>
    <trip id="veh171" type="veh_passenger" depart="727.56" departLane="best" from="1116438948#3" to="5116489#8"/>
    <trip id="veh172" type="veh_passenger" depart="731.81" departLane="best" from="142575686#2" to="180789857#8"/>
    <trip id="veh173" type="veh_passenger" depart="736.07" departLane="best" departSpeed="max" from="19791220" to="153959913#0"/>
    <trip id="veh174" type="veh_passenger" depart="740.32" departLane="best" from="5116489#7" to="-142575655#1"/>
    <trip id="veh175" type="veh_passenger" depart="744.58" departLane="best" from="152447118#7" to="-5116463#2"/>
    <trip id="veh176" type="veh_passenger" depart="748.83" departLane="best" from="38507369#0" to="318210380#0"/>
    <trip id="veh177" type="veh_passenger" depart="753.09" departLane="best" from="-180239842" to="320741893"/>
    <trip id="veh178" type="veh_passenger" depart="757.34" departLane="best" departSpeed="max" from="-259433184#4" to="1145224897#6"/>
    <trip id="veh179" type="veh_passenger" depart="761.60" departLane="best" from="1116425695#1" to="-259433184#2"/>
    <trip id="veh180" type="veh_passenger" depart="765.85" departLane="best" from="-143308562#3" to="1185240426#3"/>
    <trip id="veh181" type="veh_passenger" depart="770.11" departLane="best" from="52460499#5" to="153959913#2"/>
    <trip id="veh182" type="veh_passenger" depart="774.36" departLane="best" from="46039051#1" to="-145586617#25"/>
    <trip id="veh183" type="veh_passenger" depart="778.61" departLane="best" from="-257072322#6" to="142575693#3"/>
    <trip id="veh185" type="veh_passenger" depart="787.12" departLane="best" departSpeed="max" from="147859763#0" to="-141968799#5"/>
    <trip id="veh187" type="veh_passenger" depart="795.63" departLane="best" from="-138624469#2" to="46039050#8"/>
    <trip id="veh188" type="veh_passenger" depart="799.89" departLane="best" from="-142575658#3" to="142575685#2"/>
    <trip id="veh189" type="veh_passenger" depart="804.14" departLane="best" from="-145586617#23" to="-5116489#12"/>
    <trip id="veh190" type="veh_passenger" depart="808.40" departLane="best" departSpeed="max" from="259433182#0" to="22721673#1"/>
    <trip id="veh191" type="veh_passenger" depart="812.65" departLane="best" from="153959908#14" to="-138624421#15"/>
    <trip id="veh192" type="veh_passenger" depart="816.91" departLane="best" from="-180789857#9" to="-141968853#1"/>
    <trip id="veh193" type="veh_passenger" depart="821.16" departLane="best" from="283317455#0" to="-142575655#17"/>
    <trip id="veh194" type="veh_passenger" depart="825.42" departLane="best" from="1116438948#3" to="-145586617#5"/>
    <trip id="veh195" type="veh_passenger" depart="829.67" departLane="best" from="-153959893#2" to="175934374#3"/>
    <trip id="veh196" type="veh_passenger" depart="833.93" departLane="best" from="141968830#3" to="180789857#12"/>
    <trip id="veh197" type="veh_passenger" depart="838.18" departLane="best" departSpeed="max" from="147859763#0" to="-1116438948#6"/>
    <trip id="veh198" type="veh_passenger" depart="842.44" departLane="best" from="206579058#1" to="24733698#1"/>
    <trip id="veh199" type="veh_passenger" depart="846.69" departLane="best" from="-142575689#1" to="135777011#0"/>
    <trip id="veh200" type="veh_passenger" depart="850.94" departLane="best" from="152447118#11" to="-543074338"/>
    <trip id="veh201" type="veh_passenger" depart="855.20" departLane="best" from="142575658#5" to="-138624469#11"/>
    <trip id="veh202" type="veh_passenger" depart="859.45" departLane="best" departSpeed="max" from="-190083608#1" to="318210380#0"/>
    <trip id="veh204" type="veh_passenger" depart="867.96" departLane="best" departSpeed="max" from="153947874#0" to="81414476#2"/>
    <trip id="veh205" type="veh_passenger" depart="872.22" departLane="best" departSpeed="max" from="143308546#0" to="53385386#2"/>
    <trip id="veh206" type="veh_passenger" depart="876.47" departLane="best" from="429155576#0" to="145586617#22"/>
    <trip id="veh207" type="veh_passenger" depart="880.73" departLane="best" from="-180239842" to="-142575662#6"/>
    <trip id="veh208" type="veh_passenger" depart="884.98" departLane="best" from="259466417#0" to="142575693#3"/>
    <trip id="veh210" type="veh_passenger" depart="893.49" departLane="best" from="-138624469#5" to="-190083618#1"/>
    <trip id="veh211" type="veh_passenger" depart="897.75" departLane="best" departSpeed="max" from="-190083608#1" to="-152447118#12"/>
    <trip id="veh212" type="veh_passenger" depart="902.00" departLane="best" departSpeed="max" from="206579067" to="-142575688#0"/>
    <trip id="veh213" type="veh_passenger" depart="906.26" departLane="best" from="-145586617#18" to="-25684171"/>
    <trip id="veh214" type="veh_passenger" depart="910.51" departLane="best" from="-142575657#1" to="-257072321#12"/>
    <trip id="veh215" type="veh_passenger" depart="914.77" departLane="best" from="-24214694#2" to="-412992935#0"/>
    <trip id="veh216" type="veh_passenger" depart="919.02" departLane="best" from="142575687#0" to="-145586617#1"/>
    <trip id="veh217" type="veh_passenger" depart="923.28" departLane="best" departSpeed="max" from="-177839808" to="175934374#1"/>
    <trip id="veh218" type="veh_passenger" depart="927.53" departLane="best" from="157110895#1" to="-141968853#0"/>
    <trip id="veh219" type="veh_passenger" depart="931.78" departLane="best" departSpeed="max" from="1116438948#0" to="142575692#5"/>
    <trip id="veh220" type="veh_passenger" depart="936.04" departLane="best" from="1116438948#5" to="-153959879#0"/>
    <trip id="veh221" type="veh_passenger" depart="940.29" departLane="best" from="1116438948#9" to="461093303#3"/>
    <trip id="veh222" type="veh_passenger" depart="944.55" departLane="best" from="143308532#3" to="175934374#2"/>
    <trip id="veh223" type="veh_passenger" depart="948.80" departLane="best" from="-206579060#1" to="-22956997#9"/>
    <trip id="veh224" type="veh_passenger" depart="953.06" departLane="best" from="-71028774#0" to="-1116438948#6"/>
    <trip id="veh225" type="veh_passenger" depart="957.31" departLane="best" from="5116463#2" to="22721673#1"/>
    <trip id="veh226" type="veh_passenger" depart="961.57" departLane="best" from="313964778#3" to="53385386#5"/>
    <trip id="veh227" type="veh_passenger" depart="965.82" departLane="best" from="1116438948#8" to="206579088"/>
    <trip id="veh228" type="veh_passenger" depart="970.08" departLane="best" from="142575689#1" to="-145586617#14"/>
    <trip id="veh229" type="veh_passenger" depart="974.33" departLane="best" from="-157110895#0" to="153959908#15"/>
    <trip id="veh231" type="veh_passenger" depart="982.84" departLane="best" from="-38915289#6" to="155586403#0"/>
    <trip id="veh232" type="veh_passenger" depart="987.10" departLane="best" from="1116425697#0" to="-145586617#27"/>
    <trip id="veh233" type="veh_passenger" depart="991.35" departLane="best" from="138624445#3" to="143308521#6"/>
    <trip id="veh234" type="veh_passenger" depart="995.61" departLane="best" from="145586617#13" to="-138624421#21"/>
    <trip id="veh235" type="veh_passenger" depart="999.86" departLane="best" from="-802021414#6" to="143308532#1"/>
    <trip id="veh236" type="veh_passenger" depart="1004.12" departLane="best" from="-138624421#22" to="-152447118#9"/>
    <trip id="veh237" type="veh_passenger" depart="1008.37" departLane="best" from="145586617#11" to="141968799#12"/>
    <trip id="veh238" type="veh_passenger" depart="1012.62" departLane="best" from="-138624469#9" to="81414551#2"/>
    <trip id="veh239" type="veh_passenger" depart="1016.88" departLane="best" from="153959908#9" to="-461093303#5"/>
    <trip id="veh240" type="veh_passenger" depart="1021.13" departLane="best" departSpeed="max" from="206579067" to="81414551#2"/>
    <trip id="veh241" type="veh_passenger" depart="1025.39" departLane="best" from="-206579062#0" to="292525973"/>
    <trip id="veh242" type="veh_passenger" depart="1029.64" departLane="best" from="-190083610#0" to="-142575657#5"/>
    <trip id="veh243" type="veh_passenger" depart="1033.90" departLane="best" from="-135777010#6" to="142575693#4"/>
    <trip id="veh244" type="veh_passenger" depart="1038.15" departLane="best" from="96834893" to="-52460499#4"/>
    <trip id="veh245" type="veh_passenger" depart="1042.41" departLane="best" from="145586617#5" to="25684148"/>
    <trip id="veh246" type="veh_passenger" depart="1046.66" departLane="best" from="145586617#7" to="22721673#1"/>
    <trip id="veh247" type="veh_passenger" depart="1050.92" departLane="best" from="578659322#1" to="-152447118#8"/>
    <trip id="veh248" type="veh_passenger" depart="1055.17" departLane="best" from="135777011#0" to="-145586617#18"/>
    <trip id="veh249" type="veh_passenger" depart="1059.43" departLane="best" from="143308562#1" to="-153959908#9"/>
    <trip id="veh250" type="veh_passenger" depart="1063.68" departLane="best" from="142575693#2" to="-153959908#14"/>
    <trip id="veh251" type="veh_passenger" depart="1067.94" departLane="best" from="153959908#8" to="24214694#1"/>
    <trip id="veh252" type="veh_passenger" depart="1072.19" departLane="best" from="145586617#6" to="145586617#19"/>
    <trip id="veh253" type="veh_passenger" depart="1076.45" departLane="best" from="206579057" to="142575690#7"/>
    <trip id="veh254" type="veh_passenger" depart="1080.70" departLane="best" departSpeed="max" from="259433182#0" to="670062902#1"/>
    <trip id="veh255" type="veh_passenger" depart="1084.95" departLane="best" from="-142575690#10" to="-138624421#19"/>
    <trip id="veh256" type="veh_passenger" depart="1089.21" departLane="best" from="318210395" to="153959913#2"/>
    <trip id="veh257" type="veh_passenger" depart="1093.46" departLane="best" from="69923058#0" to="-1116438949#0"/>
    <trip id="veh258" type="veh_passenger" depart="1097.72" departLane="best" from="175934374#2" to="-142575655#6"/>
    <trip id="veh259" type="veh_passenger" depart="1101.97" departLane="best" from="153959908#16" to="145586617#38"/>
    <trip id="veh260" type="veh_passenger" depart="1106.23" departLane="best" from="142575687#2" to="24733698#2"/>
    <trip id="veh261" type="veh_passenger" depart="1110.48" departLane="best" from="313964778#0" to="-145586617#12"/>
    <trip id="veh262" type="veh_passenger" depart="1114.74" departLane="best" from="24214694#1" to="-52460499#12"/>
    <trip id="veh264" type="veh_passenger" depart="1123.25" departLane="best" from="142575655#2" to="-5116489#6"/>
    <trip id="veh265" type="veh_passenger" depart="1127.50" departLane="best" from="283317455#0" to="26547171#2"/>
    <trip id="veh266" type="veh_passenger" depart="1131.76" departLane="best" from="142575688#5" to="578659322#1"/>
    <trip id="veh267" type="veh_passenger" depart="1136.01" departLane="best" from="145586617#25" to="283317453#3"/>
    <trip id="veh268" type="veh_passenger" depart="1140.27" departLane="best" from="157110895#1" to="138624421#31"/>
    <trip id="veh269" type="veh_passenger" depart="1144.52" departLane="best" from="190083610#1" to="670062902#1"/>
    <trip id="veh270" type="veh_passenger" depart="1148.78" departLane="best" from="22956997#9" to="25944425#0"/>
    <trip id="veh271" type="veh_passenger" depart="1153.03" departLane="best" from="-1157627076" to="190083618#0"/>
    <trip id="veh272" type="veh_passenger" depart="1157.29" departLane="best" from="22956997#5" to="318210393#2"/>
    <trip id="veh273" type="veh_passenger" depart="1161.54" departLane="best" from="259466417#0" to="-142575658#5"/>
    <trip id="veh274" type="veh_passenger" depart="1165.79" departLane="best" from="-38915289#2" to="180789857#12"/>
    <trip id="veh275" type="veh_passenger" depart="1170.05" departLane="best" from="138624445#14" to="-145586617#20"/>
    <trip id="veh276" type="veh_passenger" depart="1174.30" departLane="best" from="-69923171#0" to="-138624421#25"/>
    <trip id="veh277" type="veh_passenger" depart="1178.56" departLane="best" from="313964778#0" to="-147859763#0"/>
    <trip id="veh278" type="veh_passenger" depart="1182.81" departLane="best" from="153959908#9" to="257072322#8"/>
    <trip id="veh279" type="veh_passenger" depart="1187.07" departLane="best" from="-412992929#5" to="38915289#1"/>
    <trip id="veh280" type="veh_passenger" depart="1191.32" departLane="best" from="143308562#7" to="-52460499#9"/>
    <trip id="veh281" type="veh_passenger" depart="1195.58" departLane="best" from="-142575658#4" to="180789857#9"/>
    <trip id="veh282" type="veh_passenger" depart="1199.83" departLane="best" from="141968807#0" to="22917228#0"/>
    <trip id="veh283" type="veh_passenger" depart="1204.09" departLane="best" from="-153959908#16" to="-153959879#1"/>
    <trip id="veh284" type="veh_passenger" depart="1208.34" departLane="best" from="141968810#1" to="-257072321#6"/>
    <trip id="veh285" type="veh_passenger" depart="1212.60" departLane="best" from="-142575673#3" to="-153959908#17"/>
    <trip id="veh286" type="veh_passenger" depart="1216.85" departLane="best" from="153959908#17" to="38568630#1"/>
    <trip id="veh287" type="veh_passenger" depart="1221.11" departLane="best" from="143308532#1" to="-141968830#3"/>
    <trip id="veh288" type="veh_passenger" depart="1225.36" departLane="best" from="-142575682#1" to="-135777011#1"/>
    <trip id="veh289" type="veh_passenger" depart="1229.62" departLane="best" departSpeed="max" from="19791220" to="-5116463#2"/>
    <trip id="veh290" type="veh_passenger" depart="1233.87" departLane="best" from="-153959913#1" to="-24214694#3"/>
    <trip id="veh291" type="veh_passenger" depart="1238.12" departLane="best" departSpeed="max" from="-190083608#1" to="142575699#1"/>
    <trip id="veh292" type="veh_passenger" depart="1242.38" departLane="best" from="-153959893#1" to="142575691#1"/>
    <trip id="veh293" type="veh_passenger" depart="1246.63" departLane="best" from="142575685#2" to="-22956997#1"/>
    <trip id="veh294" type="veh_passenger" depart="1250.89" departLane="best" from="152447118#7" to="-153959908#13"/>
    <trip id="veh295" type="veh_passenger" depart="1255.14" departLane="best" from="141968799#2" to="190083608#1"/>
    <trip id="veh296" type="veh_passenger" depart="1259.40" departLane="best" from="-802021414#6" to="142575689#0"/>
    <trip id="veh297" type="veh_passenger" depart="1263.65" departLane="best" departSpeed="max" from="-25684148" to="-142575684#7"/>
    <trip id="veh298" type="veh_passenger" depart="1267.91" departLane="best" from="152447118#2" to="1130887422#4"/>
    <trip id="veh299" type="veh_passenger" depart="1272.16" departLane="best" from="142575684#6" to="-25684171"/>
    <trip id="veh300" type="veh_passenger" depart="1276.42" departLane="best" from="-802021414#1" to="142575693#9"/>
    <trip id="veh301" type="veh_passenger" depart="1280.67" departLane="best" from="153959908#6" to="143308521#4"/>
    <trip id="veh302" type="veh_passenger" depart="1284.93" departLane="best" from="320744674#0" to="142575657#14"/>
    <trip id="veh304" type="veh_passenger" depart="1293.44" departLane="best" from="152447118#7" to="-138624477#1"/>
    <trip id="veh305" type="veh_passenger" depart="1297.69" departLane="best" from="52460499#6" to="141968853#5"/>
    <trip id="veh306" type="veh_passenger" depart="1301.95" departLane="best" departSpeed="max" from="259433182#0" to="1125710844#4"/>
    <trip id="veh307" type="veh_passenger" depart="1306.20" departLane="best" from="142575655#3" to="-145586617#4"/>
    <trip id="veh308" type="veh_passenger" depart="1310.46" departLane="best" from="-141968799#1" to="-145586617#14"/>
    <trip id="veh309" type="veh_passenger" depart="1314.71" departLane="best" from="142575693#1" to="-38507369#0"/>
    <trip id="veh310" type="veh_passenger" depart="1318.96" departLane="best" from="862741106" to="142575691#0"/>
    <trip id="veh311" type="veh_passenger" depart="1323.22" departLane="best" departSpeed="max" from="206579067" to="-145586617#18"/>
    <trip id="veh312" type="veh_passenger" depart="1327.47" departLane="best" departSpeed="max" from="25382187" to="-153959908#5"/>
    <trip id="veh313" type="veh_passenger" depart="1331.73" departLane="best" from="142575659#3" to="138624469#1"/>
    <trip id="veh315" type="veh_passenger" depart="1340.24" departLane="best" departSpeed="max" from="83708562" to="-38507369#2"/>
    <trip id="veh316" type="veh_passenger" depart="1344.49" departLane="best" departSpeed="max" from="190083616" to="-52460499#9"/>
    <trip id="veh317" type="veh_passenger" depart="1348.75" departLane="best" from="-153959908#6" to="-153959893#0"/>
    <trip id="veh318" type="veh_passenger" depart="1353.00" departLane="best" from="152447118#13" to="-145586617#21"/>
    <trip id="veh319" type="veh_passenger" depart="1357.26" departLane="best" from="152447118#10" to="-142575655#5"/>
    <trip id="veh320" type="veh_passenger" depart="1361.51" departLane="best" from="1116438948#6" to="138624469#1"/>
    <trip id="veh321" type="veh_passenger" depart="1365.77" departLane="best" departSpeed="max" from="143308546#0" to="257072322#6"/>
    <trip id="veh322" type="veh_passenger" depart="1370.02" departLane="best" departSpeed="max" from="-177839808" to="16942869"/>
    <trip id="veh323" type="veh_passenger" depart="1374.28" departLane="best" from="-153959913#1" to="138624469#5"/>
    <trip id="veh324" type="veh_passenger" depart="1378.53" departLane="best" departSpeed="max" from="25382187" to="-145586617#36"/>
    <trip id="veh325" type="veh_passenger" depart="1382.79" departLane="best" from="152447118#2" to="52081116#5"/>
    <trip id="veh326" type="veh_passenger" depart="1387.04" departLane="best" from="1125710844#4" to="142575693#1"/>
    <trip id="veh327" type="veh_passenger" depart="1391.29" departLane="best" from="145586617#38" to="46150483#1"/>
    <trip id="veh328" type="veh_passenger" depart="1395.55" departLane="best" from="25944425#0" to="-142575655#12"/>
    <trip id="veh329" type="veh_passenger" depart="1399.80" departLane="best" from="145586617#4" to="38568630#4"/>
    <trip id="veh330" type="veh_passenger" depart="1404.06" departLane="best" from="-25684295#0" to="143308521#11"/>
    <trip id="veh331" type="veh_passenger" depart="1408.31" departLane="best" from="-153959908#15" to="177839808"/>
    <trip id="veh333" type="veh_passenger" depart="1416.82" departLane="best" from="141968830#0" to="-142575657#3"/>
    <trip id="veh334" type="veh_passenger" depart="1421.08" departLane="best" from="-38568633#2" to="190083608#0"/>
    <trip id="veh335" type="veh_passenger" depart="1425.33" departLane="best" from="-142575662#7" to="590751236#0"/>
    <trip id="veh337" type="veh_passenger" depart="1433.84" departLane="best" from="590751236#1" to="96834893"/>
    <trip id="veh338" type="veh_passenger" depart="1438.10" departLane="best" from="153959879#0" to="-24214694#0"/>
    <trip id="veh339" type="veh_passenger" depart="1442.35" departLane="best" from="-138624445#17" to="22721673#1"/>
    <trip id="veh341" type="veh_passenger" depart="1450.86" departLane="best" from="5116489#10" to="-147859763#0"/>
    <trip id="veh342" type="veh_passenger" depart="1455.12" departLane="best" from="143308532#4" to="-147859763#3"/>
    <trip id="veh343" type="veh_passenger" depart="1459.37" departLane="best" from="141968814#1" to="-142575662#6"/>
    <trip id="veh344" type="veh_passenger" depart="1463.63" departLane="best" from="-461093303#4" to="-5116489#10"/>
    <trip id="veh345" type="veh_passenger" depart="1467.88" departLane="best" departSpeed="max" from="153947874#0" to="320741894#1"/>
    <trip id="veh346" type="veh_passenger" depart="1472.13" departLane="best" from="-38717602#3" to="-172014854#2"/>
    <trip id="veh347" type="veh_passenger" depart="1476.39" departLane="best" from="-25684295#0" to="-52460499#4"/>
    <trip id="veh348" type="veh_passenger" depart="1480.64" departLane="best" from="-257072322#8" to="142575693#5"/>
    <trip id="veh349" type="veh_passenger" depart="1484.90" departLane="best" from="138624421#27" to="-38915289#6"/>
    <trip id="veh350" type="veh_passenger" depart="1489.15" departLane="best" departSpeed="max" from="-38717601" to="69923058#1"/>
    <trip id="veh351" type="veh_passenger" depart="1493.41" departLane="best" from="1116425697#0" to="142575684#8"/>
    <trip id="veh352" type="veh_passenger" depart="1497.66" departLane="best" departSpeed="max" from="83708562" to="-153959908#15"/>
    <trip id="veh354" type="veh_passenger" depart="1506.17" departLane="best" from="152447118#9" to="-71028774#0"/>
    <trip id="veh355" type="veh_passenger" depart="1510.43" departLane="best" from="206579063#1" to="-145586617#36"/>
    <trip id="veh356" type="veh_passenger" depart="1514.68" departLane="best" departSpeed="max" from="206579067" to="-153947874#1"/>
    <trip id="veh358" type="veh_passenger" depart="1523.19" departLane="best" from="145586617#31" to="142575693#6"/>
    <trip id="veh359" type="veh_passenger" depart="1527.45" departLane="best" from="840221741" to="-5116463#2"/>
    <trip id="veh360" type="veh_passenger" depart="1531.70" departLane="best" from="-138624432" to="142575691#0"/>
    <trip id="veh361" type="veh_passenger" depart="1535.96" departLane="best" from="259466417#1" to="142575659#0"/>
    <trip id="veh362" type="veh_passenger" depart="1540.21" departLane="best" from="175934374#3" to="-142575679#2"/>
    <trip id="veh363" type="veh_passenger" depart="1544.47" departLane="best" from="-24733698#0" to="292525973"/>
    <trip id="veh364" type="veh_passenger" depart="1548.72" departLane="best" from="-81414551#1" to="180789857#12"/>
    <trip id="veh365" type="veh_passenger" depart="1552.97" departLane="best" from="142575690#4" to="1116425695#1"/>
    <trip id="veh366" type="veh_passenger" depart="1557.23" departLane="best" from="5116489#3" to="-142575679#1"/>
    <trip id="veh367" type="veh_passenger" depart="1561.48" departLane="best" from="-38717602#2" to="38568630#4"/>
    <trip id="veh368" type="veh_passenger" depart="1565.74" departLane="best" departSpeed="max" from="-24733698#2" to="-257072321#10"/>
    <trip id="veh369" type="veh_passenger" depart="1569.99" departLane="best" from="1116438948#5" to="52081116#6"/>
    <trip id="veh370" type="veh_passenger" depart="1574.25" departLane="best" from="142575655#6" to="283317454"/>
    <trip id="veh371" type="veh_passenger" depart="1578.50" departLane="best" departSpeed="max" from="-25684148" to="-318210395"/>
    <trip id="veh372" type="veh_passenger" depart="1582.76" departLane="best" from="143308532#5" to="96834893"/>
    <trip id="veh373" type="veh_passenger" depart="1587.01" departLane="best" from="141968807#1" to="-145586617#13"/>
    <trip id="veh374" type="veh_passenger" depart="1591.27" departLane="best" from="142575686#2" to="-5116489#9"/>
    <trip id="veh375" type="veh_passenger" depart="1595.52" departLane="best" from="138624421#29" to="-429155576#0"/>
    <trip id="veh376" type="veh_passenger" depart="1599.78" departLane="best" from="153959879#0" to="176051612#0"/>
    <trip id="veh377" type="veh_passenger" depart="1604.03" departLane="best" from="-142575698" to="153959913#1"/>
    <trip id="veh378" type="veh_passenger" depart="1608.29" departLane="best" from="22917233#0" to="-138624445#7"/>
    <trip id="veh379" type="veh_passenger" depart="1612.54" departLane="best" departSpeed="max" from="19791220" to="177839808"/>
    <trip id="veh381" type="veh_passenger" depart="1621.05" departLane="best" from="152447118#6" to="26547171#2"/>
    <trip id="veh382" type="veh_passenger" depart="1625.30" departLane="best" from="-81414551#2" to="142575658#1"/>
    <trip id="veh383" type="veh_passenger" depart="1629.56" departLane="best" from="-138624445#10" to="-142575659#3"/>
    <trip id="veh385" type="veh_passenger" depart="1638.07" departLane="best" from="38507369#2" to="138624432"/>
    <trip id="veh386" type="veh_passenger" depart="1642.32" departLane="best" from="142575662#7" to="-138624477#2"/>
    <trip id="veh387" type="veh_passenger" depart="1646.58" departLane="best" departSpeed="max" from="147859763#0" to="-145586617#19"/>
    <trip id="veh388" type="veh_passenger" depart="1650.83" departLane="best" from="138624445#8" to="69923034#1"/>
    <trip id="veh389" type="veh_passenger" depart="1655.09" departLane="best" from="-412992929#1" to="-172014854#1"/>
    <trip id="veh390" type="veh_passenger" depart="1659.34" departLane="best" from="145586617#5" to="318210393#2"/>
    <trip id="veh391" type="veh_passenger" depart="1663.60" departLane="best" from="313964778#2" to="326994261#1"/>
    <trip id="veh392" type="veh_passenger" depart="1667.85" departLane="best" from="-69923171#1" to="-412992929#0"/>
    <trip id="veh393" type="veh_passenger" depart="1672.11" departLane="best" from="176051612#1" to="22917233#0"/>
    <trip id="veh395" type="veh_passenger" depart="1680.62" departLane="best" from="-141968860#2" to="-145586617#6"/>
    <trip id="veh396" type="veh_passenger" depart="1684.87" departLane="best" from="5116489#3" to="887919959#3"/>
    <trip id="veh397" type="veh_passenger" depart="1689.13" departLane="best" departSpeed="max" from="19791220" to="138624421#27"/>
    <trip id="veh398" type="veh_passenger" depart="1693.38" departLane="best" from="-142575684#4" to="-145586617#9"/>
    <trip id="veh400" type="veh_passenger" depart="1701.89" departLane="best" from="153959908#3" to="461093303#1"/>
    <trip id="veh401" type="veh_passenger" depart="1706.14" departLane="best" from="-138624469#10" to="257072322#4"/>
    <trip id="veh402" type="veh_passenger" depart="1710.40" departLane="best" from="-25684295#5" to="802021414#5"/>
    <trip id="veh403" type="veh_passenger" depart="1714.65" departLane="best" from="145586617#2" to="142575690#6"/>
    <trip id="veh404" type="veh_passenger" depart="1718.91" departLane="best" from="142575692#2" to="-257072321#3"/>
    <trip id="veh405" type="veh_passenger" depart="1723.16" departLane="best" from="145586617#9" to="-142575657#11"/>
    <trip id="veh407" type="veh_passenger" depart="1731.67" departLane="best" departSpeed="max" from="-180789857#15" to="-5116463#2"/>
    <trip id="veh408" type="veh_passenger" depart="1735.93" departLane="best" from="145586617#18" to="141968799#11"/>
    <trip id="veh409" type="veh_passenger" depart="1740.18" departLane="best" from="-1125710845#0" to="-259433184#3"/>
    <trip id="veh410" type="veh_passenger" depart="1744.44" departLane="best" from="46039050#8" to="153959913#2"/>
    <trip id="veh411" type="veh_passenger" depart="1748.69" departLane="best" from="145586617#31" to="138624445#1"/>
    <trip id="veh413" type="veh_passenger" depart="1757.20" departLane="best" from="145586617#28" to="135777010#6"/>
    <trip id="veh414" type="veh_passenger" depart="1761.46" departLane="best" from="153959908#14" to="1116425695#2"/>
    <trip id="veh415" type="veh_passenger" depart="1765.71" departLane="best" from="-141968799#13" to="157110895#3"/>
    <trip id="veh417" type="veh_passenger" depart="1774.22" departLane="best" from="862741106" to="-259433184#0"/>
    <trip id="veh418" type="veh_passenger" depart="1778.47" departLane="best" from="81414476#1" to="-153959908#15"/>
    <trip id="veh419" type="veh_passenger" depart="1782.73" departLane="best" from="-24733698#1" to="143308532#2"/>
    <trip id="veh421" type="veh_passenger" depart="1791.24" departLane="best" from="-138624469#5" to="-145586617#18"/>
    <trip id="veh422" type="veh_passenger" depart="1795.49" departLane="best" from="141968853#2" to="461093303#2"/>
    <trip id="veh423" type="veh_passenger" depart="1799.75" departLane="best" departSpeed="max" from="-25684148" to="259433179#2"/>
    <trip id="veh424" type="veh_passenger" depart="1804.00" departLane="best" from="143308590#0" to="-52460499#9"/>
    <trip id="veh425" type="veh_passenger" depart="1808.26" departLane="best" from="-153959893#1" to="190083608#0"/>
    <trip id="veh426" type="veh_passenger" depart="1812.51" departLane="best" from="152447118#10" to="292525973"/>
    <trip id="veh427" type="veh_passenger" depart="1816.77" departLane="best" from="145586617#2" to="461093303#1"/>
    <trip id="veh428" type="veh_passenger" depart="1821.02" departLane="best" from="145586617#37" to="38568633#1"/>
    <trip id="veh430" type="veh_passenger" depart="1829.53" departLane="best" from="190083610#0" to="-142575662#2"/>
    <trip id="veh431" type="veh_passenger" depart="1833.79" departLane="best" from="257072321#11" to="206579088"/>
    <trip id="veh433" type="veh_passenger" depart="1842.30" departLane="best" from="142575686#3" to="69923171#1"/>
    <trip id="veh434" type="veh_passenger" depart="1846.55" departLane="best" from="-142575682#1" to="-5116489#1"/>
    <trip id="veh435" type="veh_passenger" depart="1850.81" departLane="best" from="25944426#1" to="-190083616"/>
    <trip id="veh436" type="veh_passenger" depart="1855.06" departLane="best" from="257072321#11" to="206579073"/>
    <trip id="veh437" type="veh_passenger" depart="1859.31" departLane="best" from="-412992929#1" to="-142575690#8"/>
    <trip id="veh438" type="veh_passenger" depart="1863.57" departLane="best" departSpeed="max" from="70130312#0" to="-145586617#1"/>
    <trip id="veh439" type="veh_passenger" depart="1867.82" departLane="best" from="71028777#0" to="326994261#1"/>
    <trip id="veh441" type="veh_passenger" depart="1876.33" departLane="best" from="71028777#1" to="-259433184#3"/>
    <trip id="veh442" type="veh_passenger" depart="1880.59" departLane="best" from="-5116489#9" to="-257072321#11"/>
    <trip id="veh443" type="veh_passenger" depart="1884.84" departLane="best" from="-1157627076" to="142575691#2"/>
    <trip id="veh444" type="veh_passenger" depart="1889.10" departLane="best" from="138624421#27" to="153959913#2"/>
    <trip id="veh445" type="veh_passenger" depart="1893.35" departLane="best" from="153959879#0" to="143308590#0"/>
    <trip id="veh446" type="veh_passenger" depart="1897.61" departLane="best" from="-142575690#10" to="-157110895#0"/>
    <trip id="veh447" type="veh_passenger" depart="1901.86" departLane="best" from="-138624421#18" to="-407167843#1"/>
    <trip id="veh448" type="veh_passenger" depart="1906.12" departLane="best" from="142575692#6" to="5116489#10"/>
    <trip id="veh449" type="veh_passenger" depart="1910.37" departLane="best" from="-157110895#0" to="141968830#4"/>
    <trip id="veh450" type="veh_passenger" depart="1914.63" departLane="best" from="259433182#2" to="5116461"/>
    <trip id="veh451" type="veh_passenger" depart="1918.88" departLane="best" from="-257072322#8" to="1145224897#6"/>
    <trip id="veh452" type="veh_passenger" depart="1923.14" departLane="best" from="145586617#14" to="-52460499#5"/>
    <trip id="veh453" type="veh_passenger" depart="1927.39" departLane="best" from="-259433181#1" to="142575657#4"/>
    <trip id="veh454" type="veh_passenger" depart="1931.65" departLane="best" from="145586617#11" to="138624469#4"/>
    <trip id="veh455" type="veh_passenger" depart="1935.90" departLane="best" departSpeed="max" from="153947874#0" to="206579071"/>
    <trip id="veh457" type="veh_passenger" depart="1944.41" departLane="best" departSpeed="max" from="19791220" to="-145586617#19"/>
    <trip id="veh458" type="veh_passenger" depart="1948.66" departLane="best" from="1116438948#5" to="-142575684#4"/>
    <trip id="veh459" type="veh_passenger" depart="1952.92" departLane="best" from="141968807#1" to="1145224897#6"/>
    <trip id="veh460" type="veh_passenger" depart="1957.17" departLane="best" from="590751236#3" to="-138624421#34"/>
    <trip id="veh461" type="veh_passenger" depart="1961.43" departLane="best" from="590751236#0" to="320741894#1"/>
    <trip id="veh462" type="veh_passenger" depart="1965.68" departLane="best" from="-142575684#6" to="157110895#0"/>
    <trip id="veh464" type="veh_passenger" depart="1974.19" departLane="best" from="5116489#2" to="-1116438949#1"/>
    <trip id="veh465" type="veh_passenger" depart="1978.45" departLane="best" from="153959879#1" to="-143308521#0"/>
    <trip id="veh466" type="veh_passenger" depart="1982.70" departLane="best" from="26547171#0" to="138624469#6"/>
    <trip id="veh467" type="veh_passenger" depart="1986.96" departLane="best" from="143308546#1" to="-135777011#2"/>
    <trip id="veh468" type="veh_passenger" depart="1991.21" departLane="best" departSpeed="max" from="25382187" to="180789857#11"/>
    <trip id="veh469" type="veh_passenger" depart="1995.47" departLane="best" from="-143308521#9" to="143308532#1"/>
    <trip id="veh470" type="veh_passenger" depart="1999.72" departLane="best" from="141968860#1" to="-22956997#8"/>
    <trip id="veh471" type="veh_passenger" depart="2003.98" departLane="best" from="326994261#1" to="-5116463#0"/>
    <trip id="veh472" type="veh_passenger" depart="2008.23" departLane="best" from="145586617#21" to="46039050#8"/>
    <trip id="veh474" type="veh_passenger" depart="2016.74" departLane="best" from="145586617#19" to="-143308562#1"/>
    <trip id="veh475" type="veh_passenger" depart="2020.99" departLane="best" departSpeed="max" from="-190083608#1" to="-145586617#39"/>
    <trip id="veh476" type="veh_passenger" depart="2025.25" departLane="best" from="152447118#2" to="-138624421#19"/>
    <trip id="veh477" type="veh_passenger" depart="2029.50" departLane="best" departSpeed="max" from="-1185240426#3" to="-257072321#10"/>
    <trip id="veh478" type="veh_passenger" depart="2033.76" departLane="best" from="-180789857#14" to="-429155576#1"/>
    <trip id="veh479" type="veh_passenger" depart="2038.01" departLane="best" from="152447118#10" to="-138624477#2"/>
    <trip id="veh480" type="veh_passenger" depart="2042.27" departLane="best" from="-190083618#1" to="142575689#1"/>
    <trip id="veh481" type="veh_passenger" depart="2046.52" departLane="best" departSpeed="max" from="19791220" to="141968853#3"/>
    <trip id="veh482" type="veh_passenger" depart="2050.78" departLane="best" from="22956997#1" to="142575684#5"/>
    <trip id="veh483" type="veh_passenger" depart="2055.03" departLane="best" from="-142575690#2" to="-142575662#3"/>
    <trip id="veh485" type="veh_passenger" depart="2063.54" departLane="best" from="24214694#2" to="38568632"/>
    <trip id="veh486" type="veh_passenger" depart="2067.80" departLane="best" from="142575659#2" to="141873658#0"/>
    <trip id="veh487" type="veh_passenger" depart="2072.05" departLane="best" from="71028774#0" to="-141968799#8"/>
    <trip id="veh488" type="veh_passenger" depart="2076.31" departLane="best" from="141873658#0" to="-1125710845#0"/>
    <trip id="veh489" type="veh_passenger" depart="2080.56" departLane="best" from="153959908#12" to="142575657#12"/>
    <trip id="veh490" type="veh_passenger" depart="2084.82" departLane="best" from="-81414551#0" to="-142575655#18"/>
    <trip id="veh491" type="veh_passenger" depart="2089.07" departLane="best" from="-142575657#4" to="-145586617#2"/>
    <trip id="veh492" type="veh_passenger" depart="2093.32" departLane="best" from="-141968853#3" to="-25684295#0"/>
    <trip id="veh493" type="veh_passenger" depart="2097.58" departLane="best" from="145586617#23" to="142575692#2"/>
    <trip id="veh494" type="veh_passenger" depart="2101.83" departLane="best" departSpeed="max" from="-38717601" to="862741107"/>
    <trip id="veh495" type="veh_passenger" depart="2106.09" departLane="best" from="142575679#5" to="138624469#5"/>
    <trip id="veh496" type="veh_passenger" depart="2110.34" departLane="best" from="143308570" to="-142575684#5"/>
    <trip id="veh497" type="veh_passenger" depart="2114.60" departLane="best" from="-153959913#0" to="-318210395"/>
    <trip id="veh498" type="veh_passenger" depart="2118.85" departLane="best" from="145586617#6" to="24733698#0"/>
    <trip id="veh499" type="veh_passenger" depart="2123.11" departLane="best" from="180239847" to="-153959908#12"/>
    <trip id="veh500" type="veh_passenger" depart="2127.36" departLane="best" from="138624421#19" to="-153959908#7"/>
    <trip id="veh501" type="veh_passenger" depart="2131.62" departLane="best" from="-412992929#1" to="138624469#4"/>
    <trip id="veh502" type="veh_passenger" depart="2135.87" departLane="best" from="1116438948#6" to="-142575679#2"/>
    <trip id="veh503" type="veh_passenger" depart="2140.13" departLane="best" from="1145033040#0" to="-153959908#5"/>
    <trip id="veh504" type="veh_passenger" depart="2144.38" departLane="best" from="543074338" to="-145586617#18"/>
    <trip id="veh505" type="veh_passenger" depart="2148.64" departLane="best" from="5116489#4" to="-141968853#5"/>
    <trip id="veh506" type="veh_passenger" depart="2152.89" departLane="best" from="259466417#1" to="-142575673#3"/>
    <trip id="veh507" type="veh_passenger" depart="2157.15" departLane="best" from="-142575682#1" to="-206579063#0"/>
    <trip id="veh508" type="veh_passenger" depart="2161.40" departLane="best" from="-257072322#5" to="-143308521#0"/>
    <trip id="veh509" type="veh_passenger" depart="2165.65" departLane="best" from="143308532#5" to="143308521#5"/>
    <trip id="veh510" type="veh_passenger" depart="2169.91" departLane="best" from="-38717602#3" to="-143308521#0"/>
    <trip id="veh511" type="veh_passenger" depart="2174.16" departLane="best" from="5116489#1" to="153959908#5"/>
    <trip id="veh512" type="veh_passenger" depart="2178.42" departLane="best" from="206579058#1" to="38568633#1"/>
    <trip id="veh513" type="veh_passenger" depart="2182.67" departLane="best" from="180239847" to="69923034#0"/>
    <trip id="veh514" type="veh_passenger" depart="2186.93" departLane="best" from="143308546#8" to="-52460499#8"/>
    <trip id="veh515" type="veh_passenger" depart="2191.18" departLane="best" from="-143308521#4" to="153959893#2"/>
    <trip id="veh516" type="veh_passenger" depart="2195.44" departLane="best" departSpeed="max" from="147859763#0" to="-153959908#4"/>
    <trip id="veh517" type="veh_passenger" depart="2199.69" departLane="best" from="-142575690#10" to="318210363#0"/>
    <trip id="veh518" type="veh_passenger" depart="2203.95" departLane="best" from="143308521#0" to="259433184#4"/>
    <trip id="veh520" type="veh_passenger" depart="2212.46" departLane="best" departSpeed="max" from="259433182#0" to="-145586617#23"/>
    <trip id="veh521" type="veh_passenger" depart="2216.71" departLane="best" from="145586617#32" to="138624421#2"/>
    <trip id="veh523" type="veh_passenger" depart="2225.22" departLane="best" from="22956997#3" to="-145586617#9"/>
    <trip id="veh524" type="veh_passenger" depart="2229.48" departLane="best" from="-153959913#1" to="38568633#1"/>
    <trip id="veh525" type="veh_passenger" depart="2233.73" departLane="best" from="-412992929#4" to="-1116438948#7"/>
    <trip id="veh527" type="veh_passenger" depart="2242.24" departLane="best" from="-887919959#5" to="-145586617#1"/>
    <trip id="veh528" type="veh_passenger" depart="2246.49" departLane="best" from="145586617#23" to="138624421#3"/>
    <trip id="veh529" type="veh_passenger" depart="2250.75" departLane="best" departSpeed="max" from="19791220" to="-153959908#12"/>
    <trip id="veh530" type="veh_passenger" depart="2255.00" departLane="best" from="1116438948#9" to="-5116489#6"/>
    <trip id="veh531" type="veh_passenger" depart="2259.26" departLane="best" from="52460499#14" to="190083608#1"/>
    <trip id="veh532" type="veh_passenger" depart="2263.51" departLane="best" from="22917233#1" to="143308532#4"/>
    <trip id="veh533" type="veh_passenger" depart="2267.77" departLane="best" from="-142575658#3" to="-138624477#3"/>
    <trip id="veh534" type="veh_passenger" depart="2272.02" departLane="best" from="153959879#1" to="-24733698#0"/>
    <trip id="veh535" type="veh_passenger" depart="2276.28" departLane="best" from="152447118#3" to="-142575655#3"/>
    <trip id="veh537" type="veh_passenger" depart="2284.79" departLane="best" from="206579063#0" to="142575690#4"/>
    <trip id="veh539" type="veh_passenger" depart="2293.30" departLane="best" from="-153959893#2" to="-142575655#5"/>
    <trip id="veh540" type="veh_passenger" depart="2297.55" departLane="best" departSpeed="max" from="153947874#0" to="138624452#2"/>
    <trip id="veh541" type="veh_passenger" depart="2301.81" departLane="best" from="-81414551#0" to="145586617#11"/>
    <trip id="veh544" type="veh_passenger" depart="2314.57" departLane="best" from="318210365" to="-5116463#0"/>
    <trip id="veh545" type="veh_passenger" depart="2318.82" departLane="best" from="1125710844#2" to="206579088"/>
    <trip id="veh546" type="veh_passenger" depart="2323.08" departLane="best" from="152447118#11" to="-840101796"/>
    <trip id="veh547" type="veh_passenger" depart="2327.33" departLane="best" from="-153959913#1" to="-142575659#1"/>
    <trip id="veh548" type="veh_passenger" depart="2331.59" departLane="best" from="142575655#15" to="-38507369#2"/>
    <trip id="veh549" type="veh_passenger" depart="2335.84" departLane="best" from="-138624445#5" to="135777010#0"/>
    <trip id="veh550" type="veh_passenger" depart="2340.10" departLane="best" from="5116489#3" to="38568630#0"/>
    <trip id="veh551" type="veh_passenger" depart="2344.35" departLane="best" from="143308521#11" to="143308542"/>
    <trip id="veh555" type="veh_passenger" depart="2361.37" departLane="best" from="145586617#10" to="292525973"/>
    <trip id="veh556" type="veh_passenger" depart="2365.63" departLane="best" from="5116489#2" to="-142575659#2"/>
    <trip id="veh558" type="veh_passenger" depart="2374.14" departLane="best" from="143308532#7" to="-142575688#5"/>
    <trip id="veh559" type="veh_passenger" depart="2378.39" departLane="best" from="-412992929#3" to="-5116489#10"/>
    <trip id="veh560" type="veh_passenger" depart="2382.65" departLane="best" from="145586617#6" to="-142575682#1"/>
    <trip id="veh562" type="veh_passenger" depart="2391.16" departLane="best" from="461093303#4" to="-52460499#2"/>
    <trip id="veh563" type="veh_passenger" depart="2395.41" departLane="best" from="-180789857#3" to="283317454"/>
    <trip id="veh564" type="veh_passenger" depart="2399.66" departLane="best" from="259433179#2" to="157110895#2"/>
    <trip id="veh565" type="veh_passenger" depart="2403.92" departLane="best" from="145586617#20" to="-152447118#7"/>
    <trip id="veh566" type="veh_passenger" depart="2408.17" departLane="best" from="143308562#3" to="22917233#1"/>
    <trip id="veh567" type="veh_passenger" depart="2412.43" departLane="best" departSpeed="max" from="147859763#0" to="-145586617#6"/>
    <trip id="veh568" type="veh_passenger" depart="2416.68" departLane="best" from="224769559" to="142575657#7"/>
    <trip id="veh569" type="veh_passenger" depart="2420.94" departLane="best" from="206579063#0" to="22917233#0"/>
    <trip id="veh570" type="veh_passenger" depart="2425.19" departLane="best" from="138624421#12" to="-5116489#7"/>
    <trip id="veh571" type="veh_passenger" depart="2429.45" departLane="best" from="142575693#3" to="-152447118#0"/>
    <trip id="veh572" type="veh_passenger" depart="2433.70" departLane="best" from="145586617#16" to="38568630#4"/>
    <trip id="veh573" type="veh_passenger" depart="2437.96" departLane="best" from="141968860#1" to="138624445#10"/>
    <trip id="veh574" type="veh_passenger" depart="2442.21" departLane="best" from="-259433179#1" to="-25684171"/>
    <trip id="veh575" type="veh_passenger" depart="2446.47" departLane="best" from="141968799#13" to="142575673#3"/>
    <trip id="veh576" type="veh_passenger" depart="2450.72" departLane="best" from="283317455#0" to="138624469#9"/>
    <trip id="veh577" type="veh_passenger" depart="2454.98" departLane="best" from="-141968799#14" to="292525973"/>
    <trip id="veh578" type="veh_passenger" depart="2459.23" departLane="best" from="142575655#8" to="38568630#4"/>
    <trip id="veh579" type="veh_passenger" depart="2463.49" departLane="best" from="326994261#1" to="-145586617#24"/>
    <trip id="veh580" type="veh_passenger" depart="2467.74" departLane="best" from="142575655#5" to="-141968799#14"/>
    <trip id="veh582" type="veh_passenger" depart="2476.25" departLane="best" from="143308532#5" to="138624452#2"/>
    <trip id="veh584" type="veh_passenger" depart="2484.76" departLane="best" from="-38568633#1" to="141968853#2"/>
    <trip id="veh585" type="veh_passenger" depart="2489.01" departLane="best" from="145586617#24" to="141968799#9"/>
    <trip id="veh586" type="veh_passenger" depart="2493.27" departLane="best" from="142575688#2" to="46039050#7"/>
    <trip id="veh587" type="veh_passenger" depart="2497.52" departLane="best" from="-429155576#0" to="180789857#15"/>
    <trip id="veh588" type="veh_passenger" depart="2501.78" departLane="best" from="142575655#17" to="-145586617#37"/>
    <trip id="veh589" type="veh_passenger" depart="2506.03" departLane="best" departSpeed="max" from="-190083608#1" to="138624421#5"/>
    <trip id="veh591" type="veh_passenger" depart="2514.54" departLane="best" from="145586617#31" to="746625193#2"/>
    <trip id="veh592" type="veh_passenger" depart="2518.80" departLane="best" departSpeed="max" from="-25684148" to="1145224897#6"/>
    <trip id="veh593" type="veh_passenger" depart="2523.05" departLane="best" from="-412992929#0" to="-145586617#10"/>
    <trip id="veh594" type="veh_passenger" depart="2527.31" departLane="best" departSpeed="max" from="25382187" to="-153959893#0"/>
    <trip id="veh595" type="veh_passenger" depart="2531.56" departLane="best" from="141968853#4" to="-142575679#1"/>
    <trip id="veh596" type="veh_passenger" depart="2535.82" departLane="best" from="-153959893#2" to="-257072321#1"/>
    <trip id="veh597" type="veh_passenger" depart="2540.07" departLane="best" from="-180789857#1" to="-153959908#14"/>
    <trip id="veh598" type="veh_passenger" depart="2544.33" departLane="best" from="461093303#5" to="38717601"/>
    <trip id="veh599" type="veh_passenger" depart="2548.58" departLane="best" from="-38915289#0" to="-143308570"/>
    <trip id="veh600" type="veh_passenger" depart="2552.83" departLane="best" from="145586617#17" to="-52460499#2"/>
    <trip id="veh601" type="veh_passenger" depart="2557.09" departLane="best" from="71028777#1" to="176051612#0"/>
    <trip id="veh602" type="veh_passenger" depart="2561.34" departLane="best" from="-802021414#3" to="145586606"/>
    <trip id="veh603" type="veh_passenger" depart="2565.60" departLane="best" from="-52460499#14" to="38568633#2"/>
    <trip id="veh604" type="veh_passenger" depart="2569.85" departLane="best" from="-69923034#0" to="-257072321#12"/>
    <trip id="veh605" type="veh_passenger" depart="2574.11" departLane="best" from="-257072322#7" to="-153959908#9"/>
    <trip id="veh606" type="veh_passenger" depart="2578.36" departLane="best" from="25944426#0" to="-206579063#0"/>
    <trip id="veh607" type="veh_passenger" depart="2582.62" departLane="best" from="153959908#12" to="142575689#1"/>
    <trip id="veh608" type="veh_passenger" depart="2586.87" departLane="best" from="145586617#37" to="135777010#0"/>
    <trip id="veh609" type="veh_passenger" depart="2591.13" departLane="best" from="-5116489#4" to="-71028774#1"/>
    <trip id="veh610" type="veh_passenger" depart="2595.38" departLane="best" from="152447118#3" to="-153959908#0"/>
    <trip id="veh611" type="veh_passenger" depart="2599.64" departLane="best" from="142575687#1" to="24733698#2"/>
    <trip id="veh612" type="veh_passenger" depart="2603.89" departLane="best" from="259466417#3" to="-407167843#0"/>
    <trip id="veh613" type="veh_passenger" depart="2608.15" departLane="best" from="-138624445#11" to="-5116489#13"/>
    <trip id="veh614" type="veh_passenger" depart="2612.40" departLane="best" departSpeed="max" from="206579067" to="-143308562#3"/>
    <trip id="veh615" type="veh_passenger" depart="2616.66" departLane="best" from="-69923034#0" to="-145586617#25"/>
    <trip id="veh616" type="veh_passenger" depart="2620.91" departLane="best" from="259466417#0" to="24733698#2"/>
    <trip id="veh617" type="veh_passenger" depart="2625.17" departLane="best" from="257072321#6" to="-145586617#28"/>
    <trip id="veh619" type="veh_passenger" depart="2633.67" departLane="best" from="135777010#0" to="-257072321#10"/>
    <trip id="veh620" type="veh_passenger" depart="2637.93" departLane="best" from="206579057" to="138624445#8"/>
    <trip id="veh621" type="veh_passenger" depart="2642.18" departLane="best" from="142575684#6" to="38568633#2"/>
    <trip id="veh622" type="veh_passenger" depart="2646.44" departLane="best" from="257072321#3" to="141968807#1"/>
    <trip id="veh624" type="veh_passenger" depart="2654.95" departLane="best" from="138624445#0" to="-257072321#0"/>
    <trip id="veh625" type="veh_passenger" depart="2659.20" departLane="best" from="71028777#0" to="259466417#4"/>
    <trip id="veh626" type="veh_passenger" depart="2663.46" departLane="best" from="-25684295#5" to="-145586617#1"/>
    <trip id="veh627" type="veh_passenger" depart="2667.71" departLane="best" departSpeed="max" from="-190083608#1" to="-152447118#6"/>
    <trip id="veh628" type="veh_passenger" depart="2671.97" departLane="best" from="38507369#2" to="142575698"/>
    <trip id="veh629" type="veh_passenger" depart="2676.22" departLane="best" from="142575688#0" to="326994261#1"/>
    <trip id="veh630" type="veh_passenger" depart="2680.48" departLane="best" departSpeed="max" from="206579067" to="-24733698#1"/>
    <trip id="veh631" type="veh_passenger" depart="2684.73" departLane="best" from="461093303#3" to="-145586617#12"/>
    <trip id="veh633" type="veh_passenger" depart="2693.24" departLane="best" from="-157110895#1" to="138624469#10"/>
    <trip id="veh634" type="veh_passenger" depart="2697.50" departLane="best" from="-5116463#0" to="-138624421#21"/>
    <trip id="veh635" type="veh_passenger" depart="2701.75" departLane="best" from="141968799#0" to="-142575659#3"/>
    <trip id="veh636" type="veh_passenger" depart="2706.00" departLane="best" from="-180789857#11" to="318210393#2"/>
    <trip id="veh637" type="veh_passenger" depart="2710.26" departLane="best" from="-590751236#0" to="-138624421#24"/>
    <trip id="veh639" type="veh_passenger" depart="2718.77" departLane="best" from="145586617#5" to="-257072321#12"/>
    <trip id="veh640" type="veh_passenger" depart="2723.02" departLane="best" from="145586617#12" to="-257072321#3"/>
    <trip id="veh641" type="veh_passenger" depart="2727.28" departLane="best" from="145586617#13" to="177839808"/>
    <trip id="veh642" type="veh_passenger" depart="2731.53" departLane="best" from="138624421#10" to="-1116438948#5"/>
    <trip id="veh643" type="veh_passenger" depart="2735.79" departLane="best" from="-142575657#14" to="-190083616"/>
    <trip id="veh644" type="veh_passenger" depart="2740.04" departLane="best" from="259466417#3" to="142575693#4"/>
    <trip id="veh645" type="veh_passenger" depart="2744.30" departLane="best" from="-180789857#2" to="142575689#2"/>
    <trip id="veh646" type="veh_passenger" depart="2748.55" departLane="best" from="-142575690#7" to="-257072321#7"/>
    <trip id="veh647" type="veh_passenger" depart="2752.81" departLane="best" from="-257072322#6" to="138624469#2"/>
    <trip id="veh648" type="veh_passenger" depart="2757.06" departLane="best" from="1116438948#9" to="-257072321#7"/>
    <trip id="veh649" type="veh_passenger" depart="2761.32" departLane="best" from="138624421#32" to="-142575689#2"/>
    <trip id="veh650" type="veh_passenger" depart="2765.57" departLane="best" from="461093303#3" to="145586606"/>
    <trip id="veh651" type="veh_passenger" depart="2769.83" departLane="best" departSpeed="max" from="-1185240426#3" to="142575685#2"/>
    <trip id="veh652" type="veh_passenger" depart="2774.08" departLane="best" from="-180789857#3" to="-145586617#1"/>
    <trip id="veh654" type="veh_passenger" depart="2782.59" departLane="best" from="152447118#7" to="-142575658#4"/>
    <trip id="veh655" type="veh_passenger" depart="2786.84" departLane="best" from="-802021414#1" to="-141968853#6"/>
    <trip id="veh656" type="veh_passenger" depart="2791.10" departLane="best" from="142575662#7" to="142575673#3"/>
    <trip id="veh657" type="veh_passenger" depart="2795.35" departLane="best" departSpeed="max" from="83708562" to="142575698"/>
    <trip id="veh658" type="veh_passenger" depart="2799.61" departLane="best" from="746625193#2" to="141968810#1"/>
    <trip id="veh659" type="veh_passenger" depart="2803.86" departLane="best" from="145586617#25" to="-81414521#1"/>
    <trip id="veh660" type="veh_passenger" depart="2808.12" departLane="best" departSpeed="max" from="25382187" to="-5116489#9"/>
    <trip id="veh661" type="veh_passenger" depart="2812.37" departLane="best" from="-190083610#0" to="-145586617#39"/>
    <trip id="veh662" type="veh_passenger" depart="2816.63" departLane="best" from="206579073" to="206579061"/>
    <trip id="veh663" type="veh_passenger" depart="2820.88" departLane="best" departSpeed="max" from="-38717602#4" to="138624452#1"/>
    <trip id="veh664" type="veh_passenger" depart="2825.14" departLane="best" from="-142575689#0" to="259466417#1"/>
    <trip id="veh665" type="veh_passenger" depart="2829.39" departLane="best" from="152447118#11" to="25684148"/>
    <trip id="veh666" type="veh_passenger" depart="2833.65" departLane="best" from="138624445#14" to="175934374#2"/>
    <trip id="veh667" type="veh_passenger" depart="2837.90" departLane="best" from="145586617#22" to="25944426#1"/>
    <trip id="veh668" type="veh_passenger" depart="2842.16" departLane="best" from="141968830#4" to="24733698#2"/>
    <trip id="veh669" type="veh_passenger" depart="2846.41" departLane="best" from="138624421#33" to="-259433179#2"/>
    <trip id="veh670" type="veh_passenger" depart="2850.67" departLane="best" from="-138624445#4" to="52081116#5"/>
    <trip id="veh671" type="veh_passenger" depart="2854.92" departLane="best" from="142575657#8" to="81414551#1"/>
    <trip id="veh672" type="veh_passenger" depart="2859.17" departLane="best" from="142575688#2" to="-190083616"/>
    <trip id="veh673" type="veh_passenger" depart="2863.43" departLane="best" from="206579062#2" to="-152447118#13"/>
    <trip id="veh674" type="veh_passenger" depart="2867.68" departLane="best" from="-5116489#12" to="25684148"/>
    <trip id="veh675" type="veh_passenger" depart="2871.94" departLane="best" from="320741895#0" to="-5116489#1"/>
    <trip id="veh677" type="veh_passenger" depart="2880.45" departLane="best" from="412992935#2" to="206579071"/>
    <trip id="veh679" type="veh_passenger" depart="2888.96" departLane="best" from="746625193#2" to="142575658#3"/>
    <trip id="veh680" type="veh_passenger" depart="2893.21" departLane="best" from="141968853#4" to="-5116489#7"/>
    <trip id="veh682" type="veh_passenger" depart="2901.72" departLane="best" from="-180789857#2" to="142575657#11"/>
    <trip id="veh683" type="veh_passenger" depart="2905.98" departLane="best" from="143308562#3" to="26547171#2"/>
    <trip id="veh684" type="veh_passenger" depart="2910.23" departLane="best" from="-142575689#0" to="-412992935#3"/>
    <trip id="veh685" type="veh_passenger" depart="2914.49" departLane="best" from="-142575657#3" to="-153959908#18"/>
    <trip id="veh686" type="veh_passenger" depart="2918.74" departLane="best" from="259433184#3" to="-145586617#14"/>
    <trip id="veh687" type="veh_passenger" depart="2923.00" departLane="best" from="1130887422#4" to="157110895#3"/>
    <trip id="veh688" type="veh_passenger" depart="2927.25" departLane="best" from="5116463#2" to="-138624445#4"/>
    <trip id="veh690" type="veh_passenger" depart="2935.76" departLane="best" from="887919959#4" to="-25684171"/>
    <trip id="veh691" type="veh_passenger" depart="2940.01" departLane="best" from="-81414551#1" to="-52460499#9"/>
    <trip id="veh692" type="veh_passenger" depart="2944.27" departLane="best" from="142575655#5" to="-152447118#12"/>
    <trip id="veh694" type="veh_passenger" depart="2952.78" departLane="best" departSpeed="max" from="153959895#0" to="53385386#5"/>
    <trip id="veh695" type="veh_passenger" depart="2957.03" departLane="best" from="-141968853#6" to="25684148"/>
    <trip id="veh696" type="veh_passenger" depart="2961.29" departLane="best" from="-5116489#9" to="-887919959#5"/>
    <trip id="veh697" type="veh_passenger" depart="2965.54" departLane="best" from="142575693#5" to="-145586617#17"/>
    <trip id="veh698" type="veh_passenger" depart="2969.80" departLane="best" from="-153959893#2" to="53385386#1"/>
    <trip id="veh699" type="veh_passenger" depart="2974.05" departLane="best" from="-81414551#2" to="153959893#2"/>
    <trip id="veh700" type="veh_passenger" depart="2978.31" departLane="best" departSpeed="max" from="-190083608#1" to="142575690#4"/>
    <trip id="veh701" type="veh_passenger" depart="2982.56" departLane="best" departSpeed="max" from="190083616" to="-142575659#0"/>
    <trip id="veh703" type="veh_passenger" depart="2991.07" departLane="best" departSpeed="max" from="-22721673#1" to="-206579060#1"/>
    <trip id="veh704" type="veh_passenger" depart="2995.33" departLane="best" from="135777011#0" to="868347084"/>
    <trip id="veh705" type="veh_passenger" depart="2999.58" departLane="best" departSpeed="max" from="-25684148" to="5116489#11"/>
    <trip id="veh706" type="veh_passenger" depart="3003.84" departLane="best" from="141968823#1" to="-143308521#0"/>
    <trip id="veh707" type="veh_passenger" depart="3008.09" departLane="best" from="313964778#2" to="138624469#2"/>
    <trip id="veh708" type="veh_passenger" depart="3012.35" departLane="best" from="143308532#2" to="138624445#17"/>
    <trip id="veh709" type="veh_passenger" depart="3016.60" departLane="best" from="-142575659#2" to="155586403#1"/>
    <trip id="veh711" type="veh_passenger" depart="3025.11" departLane="best" from="-461093303#3" to="-141968853#2"/>
    <trip id="veh712" type="veh_passenger" depart="3029.36" departLane="best" from="142575688#1" to="-429155576#1"/>
    <trip id="veh713" type="veh_passenger" depart="3033.62" departLane="best" from="5116489#9" to="-152447118#12"/>
    <trip id="veh714" type="veh_passenger" depart="3037.87" departLane="best" departSpeed="max" from="25382187" to="-142575679#2"/>
    <trip id="veh715" type="veh_passenger" depart="3042.13" departLane="best" from="-143308521#12" to="-153947874#1"/>
    <trip id="veh716" type="veh_passenger" depart="3046.38" departLane="best" from="145586617#13" to="-257072321#10"/>
    <trip id="veh717" type="veh_passenger" depart="3050.64" departLane="best" from="-138624421#2" to="142575698"/>
    <trip id="veh718" type="veh_passenger" depart="3054.89" departLane="best" from="52460499#12" to="-259433184#2"/>
    <trip id="veh719" type="veh_passenger" depart="3059.15" departLane="best" from="142575690#6" to="-145586617#22"/>
    <trip id="veh720" type="veh_passenger" depart="3063.40" departLane="best" from="-142575658#5" to="38568633#2"/>
    <trip id="veh721" type="veh_passenger" depart="3067.66" departLane="best" from="318210400#0" to="180789857#7"/>
    <trip id="veh722" type="veh_passenger" depart="3071.91" departLane="best" from="142575662#7" to="24733698#0"/>
    <trip id="veh723" type="veh_passenger" depart="3076.17" departLane="best" from="259433182#1" to="-142575655#2"/>
    <trip id="veh724" type="veh_passenger" depart="3080.42" departLane="best" from="746625192" to="-152447118#8"/>
    <trip id="veh725" type="veh_passenger" depart="3084.68" departLane="best" from="138624421#15" to="155586403#1"/>
    <trip id="veh726" type="veh_passenger" depart="3088.93" departLane="best" from="429155576#1" to="38717602#4"/>
    <trip id="veh727" type="veh_passenger" depart="3093.18" departLane="best" from="152447118#5" to="670062902#2"/>
    <trip id="veh729" type="veh_passenger" depart="3101.69" departLane="best" from="141968799#12" to="143308521#11"/>
    <trip id="veh730" type="veh_passenger" depart="3105.95" departLane="best" departSpeed="max" from="-38717601" to="180789857#0"/>
    <trip id="veh731" type="veh_passenger" depart="3110.20" departLane="best" from="46039050#2" to="318210363#0"/>
    <trip id="veh732" type="veh_passenger" depart="3114.46" departLane="best" departSpeed="max" from="-190083608#1" to="-152447118#0"/>
    <trip id="veh733" type="veh_passenger" depart="3118.71" departLane="best" from="-259433179#1" to="142575691#0"/>
    <trip id="veh734" type="veh_passenger" depart="3122.97" departLane="best" from="142575655#10" to="-145586617#31"/>
    <trip id="veh735" type="veh_passenger" depart="3127.22" departLane="best" from="52460499#8" to="-145586617#19"/>
    <trip id="veh736" type="veh_passenger" depart="3131.48" departLane="best" from="152447118#10" to="190083608#0"/>
    <trip id="veh738" type="veh_passenger" depart="3139.99" departLane="best" from="142575693#2" to="26547179"/>
    <trip id="veh739" type="veh_passenger" depart="3144.24" departLane="best" from="-138624421#25" to="138624469#1"/>
    <trip id="veh740" type="veh_passenger" depart="3148.50" departLane="best" from="145586617#31" to="143308546#7"/>
    <trip id="veh741" type="veh_passenger" depart="3152.75" departLane="best" from="145586617#6" to="24214694#1"/>
    <trip id="veh742" type="veh_passenger" depart="3157.01" departLane="best" from="141968853#5" to="-145586617#39"/>
    <trip id="veh743" type="veh_passenger" depart="3161.26" departLane="best" from="-25684295#2" to="53385386#5"/>
    <trip id="veh744" type="veh_passenger" depart="3165.52" departLane="best" from="141968799#13" to="-259433184#3"/>
    <trip id="veh745" type="veh_passenger" depart="3169.77" departLane="best" from="153959908#0" to="-283317455#1"/>
    <trip id="veh746" type="veh_passenger" depart="3174.02" departLane="best" from="142575655#18" to="-141968799#6"/>
    <trip id="veh748" type="veh_passenger" depart="3182.53" departLane="best" from="318210395" to="180789857#5"/>
    <trip id="veh749" type="veh_passenger" depart="3186.79" departLane="best" from="190083610#1" to="-38507369#1"/>
    <trip id="veh750" type="veh_passenger" depart="3191.04" departLane="best" from="-802021414#4" to="143308562#2"/>
    <trip id="veh751" type="veh_passenger" depart="3195.30" departLane="best" from="52460499#15" to="143308521#5"/>
    <trip id="veh752" type="veh_passenger" depart="3199.55" departLane="best" departSpeed="max" from="-38568632" to="-141968799#7"/>
    <trip id="veh753" type="veh_passenger" depart="3203.81" departLane="best" from="22956997#4" to="180789857#7"/>
    <trip id="veh754" type="veh_passenger" depart="3208.06" departLane="best" from="71028777#3" to="-145586617#25"/>
    <trip id="veh755" type="veh_passenger" depart="3212.32" departLane="best" departSpeed="max" from="-190083608#1" to="38568632"/>
    <trip id="veh756" type="veh_passenger" depart="3216.57" departLane="best" from="-145586617#33" to="-5116463#0"/>
    <trip id="veh757" type="veh_passenger" depart="3220.83" departLane="best" departSpeed="max" from="206579067" to="-142575659#0"/>
    <trip id="veh758" type="veh_passenger" depart="3225.08" departLane="best" from="-142575657#7" to="142575659#0"/>
    <trip id="veh759" type="veh_passenger" depart="3229.34" departLane="best" departSpeed="max" from="-259433184#4" to="-138624421#12"/>
    <trip id="veh761" type="veh_passenger" depart="3237.85" departLane="best" from="71028777#1" to="-153959908#12"/>
    <trip id="veh762" type="veh_passenger" depart="3242.10" departLane="best" from="5116489#1" to="-138624469#11"/>
    <trip id="veh763" type="veh_passenger" depart="3246.35" departLane="best" from="141968830#4" to="38915289#5"/>
    <trip id="veh764" type="veh_passenger" depart="3250.61" departLane="best" departSpeed="max" from="147859763#0" to="141968814#0"/>
    <trip id="veh765" type="veh_passenger" depart="3254.86" departLane="best" from="142575685#4" to="318210365"/>
    <trip id="veh767" type="veh_passenger" depart="3263.37" departLane="best" from="-180789857#3" to="-22956997#5"/>
    <trip id="veh768" type="veh_passenger" depart="3267.63" departLane="best" from="-5116489#9" to="-1125710844#3"/>
    <trip id="veh769" type="veh_passenger" depart="3271.88" departLane="best" from="142575693#9" to="-152447118#4"/>
    <trip id="veh770" type="veh_passenger" depart="3276.14" departLane="best" from="142575655#15" to="-22956997#7"/>
    <trip id="veh771" type="veh_passenger" depart="3280.39" departLane="best" departSpeed="max" from="-24733698#2" to="81414551#1"/>
    <trip id="veh772" type="veh_passenger" depart="3284.65" departLane="best" departSpeed="max" from="153959895#0" to="142575691#0"/>
    <trip id="veh773" type="veh_passenger" depart="3288.90" departLane="best" from="-802021414#3" to="-1116438948#7"/>
    <trip id="veh774" type="veh_passenger" depart="3293.16" departLane="best" departSpeed="max" from="25382187" to="-5116489#3"/>
    <trip id="veh775" type="veh_passenger" depart="3297.41" departLane="best" from="52460499#15" to="22721673#1"/>
    <trip id="veh776" type="veh_passenger" depart="3301.67" departLane="best" from="153959908#14" to="-142575679#2"/>
    <trip id="veh777" type="veh_passenger" depart="3305.92" departLane="best" from="141873658#1" to="138624452#2"/>
    <trip id="veh778" type="veh_passenger" depart="3310.18" departLane="best" from="-145586617#12" to="-5116489#10"/>
    <trip id="veh779" type="veh_passenger" depart="3314.43" departLane="best" from="143308587#1" to="142575685#2"/>
    <trip id="veh780" type="veh_passenger" depart="3318.69" departLane="best" departSpeed="max" from="-38717601" to="145586617#23"/>
    <trip id="veh781" type="veh_passenger" depart="3322.94" departLane="best" from="145586617#37" to="840101796"/>
    <trip id="veh782" type="veh_passenger" depart="3327.19" departLane="best" from="-38915289#6" to="283317453#3"/>
    <trip id="veh783" type="veh_passenger" depart="3331.45" departLane="best" from="142575684#3" to="180239858#0"/>
    <trip id="veh784" type="veh_passenger" depart="3335.70" departLane="best" from="52460499#12" to="153959913#2"/>
    <trip id="veh785" type="veh_passenger" depart="3339.96" departLane="best" from="-81414551#1" to="143308587#1"/>
    <trip id="veh786" type="veh_passenger" depart="3344.21" departLane="best" from="25684295#0" to="190083608#1"/>
    <trip id="veh787" type="veh_passenger" depart="3348.47" departLane="best" from="153959908#14" to="-138624421#21"/>
    <trip id="veh788" type="veh_passenger" depart="3352.72" departLane="best" from="-138624469#5" to="670062902#3"/>
    <trip id="veh789" type="veh_passenger" depart="3356.98" departLane="best" from="24214694#1" to="24733698#2"/>
    <trip id="veh790" type="veh_passenger" depart="3361.23" departLane="best" from="143308521#2" to="190083608#0"/>
    <trip id="veh791" type="veh_passenger" depart="3365.49" departLane="best" from="143308532#2" to="-145586617#35"/>
    <trip id="veh792" type="veh_passenger" depart="3369.74" departLane="best" from="145586617#2" to="145586617#28"/>
    <trip id="veh793" type="veh_passenger" depart="3374.00" departLane="best" from="26547172#0" to="-145586617#13"/>
    <trip id="veh794" type="veh_passenger" depart="3378.25" departLane="best" departSpeed="max" from="153959895#0" to="-138624421#32"/>
    <trip id="veh795" type="veh_passenger" depart="3382.51" departLane="best" from="578659322#0" to="142575689#1"/>
    <trip id="veh796" type="veh_passenger" depart="3386.76" departLane="best" from="145586617#24" to="16942869"/>
    <trip id="veh797" type="veh_passenger" depart="3391.02" departLane="best" departSpeed="max" from="1116438948#0" to="24733698#2"/>
    <trip id="veh798" type="veh_passenger" depart="3395.27" departLane="best" from="5116489#2" to="38717601"/>
    <trip id="veh799" type="veh_passenger" depart="3399.53" departLane="best" departSpeed="max" from="190083616" to="-141968830#0"/>
    <trip id="veh800" type="veh_passenger" depart="3403.78" departLane="best" from="145586617#13" to="-153959879#0"/>
    <trip id="veh801" type="veh_passenger" depart="3408.03" departLane="best" from="152447118#1" to="-5116463#2"/>
    <trip id="veh802" type="veh_passenger" depart="3412.29" departLane="best" from="224769559" to="190083608#0"/>
    <trip id="veh803" type="veh_passenger" depart="3416.54" departLane="best" from="145586617#32" to="-172014854#2"/>
    <trip id="veh805" type="veh_passenger" depart="3425.05" departLane="best" departSpeed="max" from="-190083608#1" to="143308521#10"/>
    <trip id="veh806" type="veh_passenger" depart="3429.31" departLane="best" from="-157110895#3" to="-71028774#1"/>
    <trip id="veh807" type="veh_passenger" depart="3433.56" departLane="best" from="-153959908#5" to="177839808"/>
    <trip id="veh808" type="veh_passenger" depart="3437.82" departLane="best" from="-38568630#2" to="52460499#15"/>
    <trip id="veh810" type="veh_passenger" depart="3446.33" departLane="best" from="153959893#0" to="81414551#2"/>
    <trip id="veh811" type="veh_passenger" depart="3450.58" departLane="best" from="-81414551#1" to="26547171#2"/>
    <trip id="veh812" type="veh_passenger" depart="3454.84" departLane="best" from="670062902#2" to="-259433184#3"/>
    <trip id="veh813" type="veh_passenger" depart="3459.09" departLane="best" from="-25684295#3" to="-257072321#6"/>
    <trip id="veh814" type="veh_passenger" depart="3463.35" departLane="best" from="175934374#1" to="-52460499#11"/>
    <trip id="veh816" type="veh_passenger" depart="3471.86" departLane="best" from="141873658#0" to="-153947874#1"/>
    <trip id="veh817" type="veh_passenger" depart="3476.11" departLane="best" from="142575686#2" to="52081116#5"/>
    <trip id="veh820" type="veh_passenger" depart="3488.87" departLane="best" from="-180789857#4" to="-153959908#9"/>
    <trip id="veh821" type="veh_passenger" depart="3493.13" departLane="best" from="-142575682#1" to="-152447118#13"/>
    <trip id="veh823" type="veh_passenger" depart="3501.64" departLane="best" from="176051612#0" to="-142575684#7"/>
    <trip id="veh824" type="veh_passenger" depart="3505.89" departLane="best" from="206579073" to="-1116438948#5"/>
    <trip id="veh825" type="veh_passenger" depart="3510.15" departLane="best" from="-142575690#3" to="52081116#1"/>
    <trip id="veh826" type="veh_passenger" depart="3514.40" departLane="best" departSpeed="max" from="1116438948#0" to="52081116#6"/>
    <trip id="veh827" type="veh_passenger" depart="3518.66" departLane="best" from="-38568633#2" to="141968853#5"/>
    <trip id="veh828" type="veh_passenger" depart="3522.91" departLane="best" from="153959908#15" to="670062902#0"/>
    <trip id="veh829" type="veh_passenger" depart="3527.17" departLane="best" from="-38568633#0" to="-153959879#1"/>
    <trip id="veh830" type="veh_passenger" depart="3531.42" departLane="best" from="46150483#1" to="-142575662#1"/>
    <trip id="veh831" type="veh_passenger" depart="3535.68" departLane="best" from="143308521#0" to="142575691#2"/>
    <trip id="veh832" type="veh_passenger" depart="3539.93" departLane="best" from="-180789857#0" to="52081116#7"/>
    <trip id="veh833" type="veh_passenger" depart="3544.19" departLane="best" from="5116463#2" to="-145586617#4"/>
    <trip id="veh834" type="veh_passenger" depart="3548.44" departLane="best" from="38915289#4" to="-145586617#4"/>
    <trip id="veh835" type="veh_passenger" depart="3552.70" departLane="best" from="5116489#13" to="887919959#3"/>
    <trip id="veh836" type="veh_passenger" depart="3556.95" departLane="best" from="-81414551#1" to="142575658#1"/>
    <trip id="veh837" type="veh_passenger" depart="3561.20" departLane="best" from="52460499#11" to="590751236#0"/>
    <trip id="veh838" type="veh_passenger" depart="3565.46" departLane="best" from="5116489#8" to="38717602#4"/>
    <trip id="veh839" type="veh_passenger" depart="3569.71" departLane="best" departSpeed="max" from="-25684148" to="81414551#1"/>
    <trip id="veh840" type="veh_passenger" depart="3573.97" departLane="best" from="142575688#3" to="142575657#7"/>
    <trip id="veh841" type="veh_passenger" depart="3578.22" departLane="best" from="52460499#15" to="318210393#2"/>
    <trip id="veh843" type="veh_passenger" depart="3586.73" departLane="best" from="-138624421#5" to="-190083616"/>
    <trip id="veh844" type="veh_passenger" depart="3590.99" departLane="best" from="152447118#8" to="-206579062#0"/>
    <trip id="veh845" type="veh_passenger" depart="3595.24" departLane="best" departSpeed="max" from="25382187" to="143308532#4"/>
    <trip id="veh846" type="veh_passenger" depart="3599.50" departLane="best" from="206579064#0" to="-145586617#4"/>
</routes>
